accession	initial_occurrences	passed_crabs	final_retained	manually_discarded	current_status
AB023394.1	2		0	0	not_retained_stage_unresolved_without_415_list
AB023395.1	2		0	0	not_retained_stage_unresolved_without_415_list
AB023396.1	2		0	0	not_retained_stage_unresolved_without_415_list
AB023397.1	1		0	0	not_retained_stage_unresolved_without_415_list
AB029942.1	2		0	0	not_retained_stage_unresolved_without_415_list
AB029943.1	2		0	0	not_retained_stage_unresolved_without_415_list
AB029944.1	2		0	0	not_retained_stage_unresolved_without_415_list
AB029945.1	1		0	0	not_retained_stage_unresolved_without_415_list
AB058864.1	1		0	0	not_retained_stage_unresolved_without_415_list
AB159478.1	1		0	0	not_retained_stage_unresolved_without_415_list
AB159479.1	1		0	0	not_retained_stage_unresolved_without_415_list
AB530454.1	1		1	0	retained_final_dataset
AB640897.1	1		1	0	retained_final_dataset
AB640901.1	1		1	0	retained_final_dataset
AB640902.1	1		1	0	retained_final_dataset
AB640903.1	1		1	0	retained_final_dataset
AB640904.1	1		1	0	retained_final_dataset
AB640905.1	1		1	0	retained_final_dataset
AB640906.1	1		1	0	retained_final_dataset
AB640907.1	1		1	0	retained_final_dataset
AB640908.1	1		1	0	retained_final_dataset
AB640909.1	1		1	0	retained_final_dataset
AB640910.1	1		1	0	retained_final_dataset
AB640911.1	1		1	0	retained_final_dataset
AB640915.1	1		1	0	retained_final_dataset
AB640916.1	1		1	0	retained_final_dataset
AB640917.1	1		1	0	retained_final_dataset
AB640918.1	1		1	0	retained_final_dataset
AB640919.1	1		1	0	retained_final_dataset
AB640920.1	1		1	0	retained_final_dataset
AB640921.1	1		1	0	retained_final_dataset
AB640922.1	1		1	0	retained_final_dataset
AB640923.1	1		1	0	retained_final_dataset
AB640924.1	1		1	0	retained_final_dataset
AB640925.1	1		1	0	retained_final_dataset
AB640926.1	1		1	0	retained_final_dataset
AB640927.1	1		1	0	retained_final_dataset
AB640928.1	1		1	0	retained_final_dataset
AB640929.1	1		1	0	retained_final_dataset
AB640930.1	1		1	0	retained_final_dataset
AB640931.1	1		1	0	retained_final_dataset
AB685766.1	1		1	0	retained_final_dataset
AB761267.1	1		1	0	retained_final_dataset
AF124103.1	1		0	0	not_retained_stage_unresolved_without_415_list
AF124135.1	1		0	0	not_retained_stage_unresolved_without_415_list
AF160778.1	1		0	0	not_retained_stage_unresolved_without_415_list
AF161036.1	1		0	0	not_retained_stage_unresolved_without_415_list
AF218707.1	1		0	0	not_retained_stage_unresolved_without_415_list
AF218718.1	1		0	0	not_retained_stage_unresolved_without_415_list
AF249023.1	1		1	0	retained_final_dataset
AJ002965.1	1		0	0	not_retained_stage_unresolved_without_415_list
AJ002966.1	1		0	0	not_retained_stage_unresolved_without_415_list
AJ222650.1	1		0	0	not_retained_stage_unresolved_without_415_list
AJ222652.1	2		0	0	not_retained_stage_unresolved_without_415_list
AJ222653.1	1		0	0	not_retained_stage_unresolved_without_415_list
AJ222654.1	1		0	0	not_retained_stage_unresolved_without_415_list
AJ222655.1	1		0	0	not_retained_stage_unresolved_without_415_list
AJ222656.1	1		0	0	not_retained_stage_unresolved_without_415_list
AJ222710.1	1		0	0	not_retained_stage_unresolved_without_415_list
AJ222711.1	1		0	0	not_retained_stage_unresolved_without_415_list
AJ222712.1	1		0	0	not_retained_stage_unresolved_without_415_list
AJ309138.1	1		0	0	not_retained_stage_unresolved_without_415_list
AJ309142.1	1		0	0	not_retained_stage_unresolved_without_415_list
AJ309143.1	1		0	0	not_retained_stage_unresolved_without_415_list
AJ309144.1	1		0	0	not_retained_stage_unresolved_without_415_list
AJ309145.1	1		0	0	not_retained_stage_unresolved_without_415_list
AJ318085.1	1		0	0	not_retained_stage_unresolved_without_415_list
AJ318086.1	1		0	0	not_retained_stage_unresolved_without_415_list
AJ440763.1	1		0	0	not_retained_stage_unresolved_without_415_list
AJ440764.1	1		0	0	not_retained_stage_unresolved_without_415_list
AJ440767.1	1		0	0	not_retained_stage_unresolved_without_415_list
AJ440768.1	1		0	0	not_retained_stage_unresolved_without_415_list
AJ440772.1	1		0	0	not_retained_stage_unresolved_without_415_list
AJ440773.1	1		0	0	not_retained_stage_unresolved_without_415_list
AJ440802.1	1		0	0	not_retained_stage_unresolved_without_415_list
AJ440803.1	1		0	0	not_retained_stage_unresolved_without_415_list
AJ440806.1	1		0	0	not_retained_stage_unresolved_without_415_list
AJ440807.1	1		0	0	not_retained_stage_unresolved_without_415_list
AJ440811.1	1		0	0	not_retained_stage_unresolved_without_415_list
AJ440812.1	1		0	0	not_retained_stage_unresolved_without_415_list
AJ440816.1	1		0	0	not_retained_stage_unresolved_without_415_list
AY043032.1	1		0	0	not_retained_stage_unresolved_without_415_list
AY043033.1	1		0	0	not_retained_stage_unresolved_without_415_list
AY043034.1	2		0	0	not_retained_stage_unresolved_without_415_list
AY043038.1	1		0	0	not_retained_stage_unresolved_without_415_list
AY043039.1	1		0	0	not_retained_stage_unresolved_without_415_list
AY043041.1	1		0	0	not_retained_stage_unresolved_without_415_list
AY043044.1	1		0	0	not_retained_stage_unresolved_without_415_list
AY147254.1	1		0	0	not_retained_stage_unresolved_without_415_list
AY147256.1	1		0	0	not_retained_stage_unresolved_without_415_list
AY221119.1	1		0	0	not_retained_stage_unresolved_without_415_list
AY221120.1	1		0	0	not_retained_stage_unresolved_without_415_list
AY221121.1	1		0	0	not_retained_stage_unresolved_without_415_list
AY222458.1	1		0	0	not_retained_stage_unresolved_without_415_list
AY222459.1	1		0	0	not_retained_stage_unresolved_without_415_list
AY322321.1	2		1	0	retained_final_dataset
AY325988.1	1		1	0	retained_final_dataset
AY326063.1	1		1	0	retained_final_dataset
AY333653.1	1		0	0	not_retained_stage_unresolved_without_415_list
AY333654.1	1		0	0	not_retained_stage_unresolved_without_415_list
AY333655.1	1		0	0	not_retained_stage_unresolved_without_415_list
AY333656.1	1		0	0	not_retained_stage_unresolved_without_415_list
AY333658.1	1		0	0	not_retained_stage_unresolved_without_415_list
AY333660.1	1		0	0	not_retained_stage_unresolved_without_415_list
AY333661.1	1		0	0	not_retained_stage_unresolved_without_415_list
AY333662.1	1		0	0	not_retained_stage_unresolved_without_415_list
AY333664.1	1		0	0	not_retained_stage_unresolved_without_415_list
AY333665.1	1		0	0	not_retained_stage_unresolved_without_415_list
AY333674.1	1		0	0	not_retained_stage_unresolved_without_415_list
AY333675.1	1		0	0	not_retained_stage_unresolved_without_415_list
AY333683.1	1		0	0	not_retained_stage_unresolved_without_415_list
AY333684.1	1		0	0	not_retained_stage_unresolved_without_415_list
AY333685.1	1		0	0	not_retained_stage_unresolved_without_415_list
AY333686.1	1		0	0	not_retained_stage_unresolved_without_415_list
AY333687.1	1		0	0	not_retained_stage_unresolved_without_415_list
AY333688.1	1		0	0	not_retained_stage_unresolved_without_415_list
AY347450.1	1		0	0	not_retained_stage_unresolved_without_415_list
AY347451.1	1		0	0	not_retained_stage_unresolved_without_415_list
AY347452.1	1		0	0	not_retained_stage_unresolved_without_415_list
AY347453.1	1		0	0	not_retained_stage_unresolved_without_415_list
AY347454.1	1		0	0	not_retained_stage_unresolved_without_415_list
AY347455.1	1		0	0	not_retained_stage_unresolved_without_415_list
AY347456.1	1		0	0	not_retained_stage_unresolved_without_415_list
AY347457.1	1		0	0	not_retained_stage_unresolved_without_415_list
AY347458.1	1		0	0	not_retained_stage_unresolved_without_415_list
AY347459.1	1		0	0	not_retained_stage_unresolved_without_415_list
AY347460.1	1		0	0	not_retained_stage_unresolved_without_415_list
AY347461.1	1		0	0	not_retained_stage_unresolved_without_415_list
AY347463.1	1		0	0	not_retained_stage_unresolved_without_415_list
AY347466.1	1		0	0	not_retained_stage_unresolved_without_415_list
AY347467.1	1		0	0	not_retained_stage_unresolved_without_415_list
AY347469.1	1		0	0	not_retained_stage_unresolved_without_415_list
AY347473.1	1		0	0	not_retained_stage_unresolved_without_415_list
AY581638.1	1		1	0	retained_final_dataset
AY581639.1	1		1	0	retained_final_dataset
AY581640.1	1		1	0	retained_final_dataset
AY581641.1	1		1	0	retained_final_dataset
AY581644.1	1		1	0	retained_final_dataset
AY581648.1	1		1	0	retained_final_dataset
AY585338.1	1		1	0	retained_final_dataset
AY659992.1	1		1	0	retained_final_dataset
AY680267.1	1		1	0	retained_final_dataset
AY695906.1	1		0	0	not_retained_stage_unresolved_without_415_list
AY695907.1	1		0	0	not_retained_stage_unresolved_without_415_list
AY779191.1	1		1	0	retained_final_dataset
AY779206.1	1		1	0	retained_final_dataset
AY819354.1	1		1	0	retained_final_dataset
AY819370.1	1		1	0	retained_final_dataset
AY843601.1	1		1	0	retained_final_dataset
AY880461.1	1		0	0	not_retained_stage_unresolved_without_415_list
AY880481.1	1		0	0	not_retained_stage_unresolved_without_415_list
AY898727.1	1		0	0	not_retained_stage_unresolved_without_415_list
AY898728.1	1		0	0	not_retained_stage_unresolved_without_415_list
AY898729.1	1		0	0	not_retained_stage_unresolved_without_415_list
AY898730.1	1		0	0	not_retained_stage_unresolved_without_415_list
AY898731.1	1		0	0	not_retained_stage_unresolved_without_415_list
AY898732.1	1		0	0	not_retained_stage_unresolved_without_415_list
AY898733.1	1		0	0	not_retained_stage_unresolved_without_415_list
AY928616.1	1		0	0	not_retained_stage_unresolved_without_415_list
AY928617.1	1		0	0	not_retained_stage_unresolved_without_415_list
AY928619.1	1		0	0	not_retained_stage_unresolved_without_415_list
AY928620.1	1		0	0	not_retained_stage_unresolved_without_415_list
AY928621.1	1		0	0	not_retained_stage_unresolved_without_415_list
AY957562.1	1		0	1	manually_discarded_after_crabs
AY971143.1	1		1	0	retained_final_dataset
D12694.1	1		0	0	not_retained_stage_unresolved_without_415_list
DQ019581.1	1		0	0	not_retained_stage_unresolved_without_415_list
DQ055835.1	1		1	0	retained_final_dataset
DQ092285.1	1		0	0	not_retained_stage_unresolved_without_415_list
DQ092288.1	1		0	0	not_retained_stage_unresolved_without_415_list
DQ092298.1	1		0	0	not_retained_stage_unresolved_without_415_list
DQ158438.1	1		1	0	retained_final_dataset
DQ221213.1	1		0	0	not_retained_stage_unresolved_without_415_list
DQ221214.1	1		0	0	not_retained_stage_unresolved_without_415_list
DQ221215.1	1		0	0	not_retained_stage_unresolved_without_415_list
DQ221216.1	1		0	0	not_retained_stage_unresolved_without_415_list
DQ221217.1	1		0	0	not_retained_stage_unresolved_without_415_list
DQ221218.1	1		0	0	not_retained_stage_unresolved_without_415_list
DQ221219.1	1		0	0	not_retained_stage_unresolved_without_415_list
DQ221220.1	1		0	0	not_retained_stage_unresolved_without_415_list
DQ221221.1	1		0	0	not_retained_stage_unresolved_without_415_list
DQ221224.1	1		0	0	not_retained_stage_unresolved_without_415_list
DQ221226.1	1		0	0	not_retained_stage_unresolved_without_415_list
DQ283111.1	1		1	0	retained_final_dataset
DQ283113.1	1		1	0	retained_final_dataset
DQ283127.1	1		0	0	not_retained_stage_unresolved_without_415_list
DQ283129.1	1		1	0	retained_final_dataset
DQ283249.1	1		1	0	retained_final_dataset
DQ283257.1	1		1	0	retained_final_dataset
DQ283279.1	1		1	0	retained_final_dataset
DQ283407.1	1		1	0	retained_final_dataset
DQ283432.1	1		1	0	retained_final_dataset
DQ283435.1	1		1	0	retained_final_dataset
DQ283440.1	1		1	0	retained_final_dataset
DQ283441.1	1		1	0	retained_final_dataset
DQ289102.1	1		0	0	not_retained_stage_unresolved_without_415_list
DQ289127.1	1		0	0	not_retained_stage_unresolved_without_415_list
DQ346993.1	1		1	0	retained_final_dataset
DQ359960.1	1		1	0	retained_final_dataset
DQ494763.1	1		0	0	not_retained_stage_unresolved_without_415_list
DQ494769.1	1		0	0	not_retained_stage_unresolved_without_415_list
DQ642125.1	1		0	0	not_retained_stage_unresolved_without_415_list
DQ642126.1	1		0	0	not_retained_stage_unresolved_without_415_list
DQ642127.1	1		0	0	not_retained_stage_unresolved_without_415_list
DQ642128.1	1		0	0	not_retained_stage_unresolved_without_415_list
DQ642129.1	1		0	0	not_retained_stage_unresolved_without_415_list
DQ642130.1	1		0	0	not_retained_stage_unresolved_without_415_list
DQ642138.1	1		0	0	not_retained_stage_unresolved_without_415_list
DQ642139.1	1		0	0	not_retained_stage_unresolved_without_415_list
DQ925752.1	1		0	0	not_retained_stage_unresolved_without_415_list
DQ925753.1	1		0	0	not_retained_stage_unresolved_without_415_list
EF566953.1	1		1	0	retained_final_dataset
EU116942.1	1		0	0	not_retained_stage_unresolved_without_415_list
EU116943.1	1		0	0	not_retained_stage_unresolved_without_415_list
EU116944.1	1		0	0	not_retained_stage_unresolved_without_415_list
EU116945.1	1		0	0	not_retained_stage_unresolved_without_415_list
EU116946.1	1		0	0	not_retained_stage_unresolved_without_415_list
EU116947.1	1		0	0	not_retained_stage_unresolved_without_415_list
EU116948.1	1		0	0	not_retained_stage_unresolved_without_415_list
EU116949.1	1		0	0	not_retained_stage_unresolved_without_415_list
EU116950.1	1		0	0	not_retained_stage_unresolved_without_415_list
EU116951.1	1		0	0	not_retained_stage_unresolved_without_415_list
EU116952.1	1		0	0	not_retained_stage_unresolved_without_415_list
EU116953.1	1		0	0	not_retained_stage_unresolved_without_415_list
EU116954.1	1		0	0	not_retained_stage_unresolved_without_415_list
EU116955.1	1		0	0	not_retained_stage_unresolved_without_415_list
EU116956.1	1		0	0	not_retained_stage_unresolved_without_415_list
EU116957.1	1		0	0	not_retained_stage_unresolved_without_415_list
EU116958.1	1		0	0	not_retained_stage_unresolved_without_415_list
EU116959.1	1		0	0	not_retained_stage_unresolved_without_415_list
EU116960.1	1		0	0	not_retained_stage_unresolved_without_415_list
EU116961.1	1		0	0	not_retained_stage_unresolved_without_415_list
EU116962.1	1		0	0	not_retained_stage_unresolved_without_415_list
EU116963.1	1		0	0	not_retained_stage_unresolved_without_415_list
EU116964.1	1		0	0	not_retained_stage_unresolved_without_415_list
EU116965.1	1		0	0	not_retained_stage_unresolved_without_415_list
EU116966.1	1		0	0	not_retained_stage_unresolved_without_415_list
EU116967.1	1		0	0	not_retained_stage_unresolved_without_415_list
EU116968.1	1		0	0	not_retained_stage_unresolved_without_415_list
EU116969.1	1		0	0	not_retained_stage_unresolved_without_415_list
EU116970.1	1		0	0	not_retained_stage_unresolved_without_415_list
EU116971.1	1		0	0	not_retained_stage_unresolved_without_415_list
EU116972.1	1		0	0	not_retained_stage_unresolved_without_415_list
EU116973.1	1		0	0	not_retained_stage_unresolved_without_415_list
EU116974.1	1		0	0	not_retained_stage_unresolved_without_415_list
EU116975.1	1		0	0	not_retained_stage_unresolved_without_415_list
EU116976.1	1		0	0	not_retained_stage_unresolved_without_415_list
EU116977.1	1		0	0	not_retained_stage_unresolved_without_415_list
EU116978.1	1		0	0	not_retained_stage_unresolved_without_415_list
EU116979.1	1		0	0	not_retained_stage_unresolved_without_415_list
EU116980.1	1		0	0	not_retained_stage_unresolved_without_415_list
EU116981.1	1		0	0	not_retained_stage_unresolved_without_415_list
EU116982.1	1		0	0	not_retained_stage_unresolved_without_415_list
EU116983.1	1		0	0	not_retained_stage_unresolved_without_415_list
EU116984.1	1		0	0	not_retained_stage_unresolved_without_415_list
EU116985.1	1		0	0	not_retained_stage_unresolved_without_415_list
EU341120.1	1		1	0	retained_final_dataset
EU531332.1	1		1	0	retained_final_dataset
EU531337.1	1		1	0	retained_final_dataset
EU531343.1	1		1	0	retained_final_dataset
EU531347.1	1		1	0	retained_final_dataset
EU531351.1	1		1	0	retained_final_dataset
EU531353.1	1		1	0	retained_final_dataset
EU531354.1	1		1	0	retained_final_dataset
EU531355.1	1		1	0	retained_final_dataset
EU880317.1	1		1	0	retained_final_dataset
EU880331.1	1		1	0	retained_final_dataset
EU880332.1	1		1	0	retained_final_dataset
EU880335.1	1		1	0	retained_final_dataset
EU880336.1	1		1	0	retained_final_dataset
EU880339.1	1		1	0	retained_final_dataset
EU938400.1	1		1	0	retained_final_dataset
FJ595204.1	1		0	0	not_retained_stage_unresolved_without_415_list
FJ595205.1	1		0	0	not_retained_stage_unresolved_without_415_list
FJ595206.1	1		0	0	not_retained_stage_unresolved_without_415_list
FJ595207.1	1		0	0	not_retained_stage_unresolved_without_415_list
FJ595208.1	1		0	0	not_retained_stage_unresolved_without_415_list
FJ602088.1	1		0	0	not_retained_stage_unresolved_without_415_list
FJ602089.1	1		0	0	not_retained_stage_unresolved_without_415_list
FJ602090.1	1		0	0	not_retained_stage_unresolved_without_415_list
FJ602091.1	1		0	0	not_retained_stage_unresolved_without_415_list
FJ602092.1	1		0	0	not_retained_stage_unresolved_without_415_list
FJ602093.1	1		0	0	not_retained_stage_unresolved_without_415_list
FJ602094.1	1		0	0	not_retained_stage_unresolved_without_415_list
FJ602095.1	1		0	0	not_retained_stage_unresolved_without_415_list
FJ602096.1	1		0	0	not_retained_stage_unresolved_without_415_list
FJ602097.1	1		0	0	not_retained_stage_unresolved_without_415_list
FJ602098.1	1		0	0	not_retained_stage_unresolved_without_415_list
FJ602099.1	1		0	0	not_retained_stage_unresolved_without_415_list
FJ602100.1	1		0	0	not_retained_stage_unresolved_without_415_list
FJ602101.1	1		0	0	not_retained_stage_unresolved_without_415_list
FJ602102.1	1		0	0	not_retained_stage_unresolved_without_415_list
FJ602103.1	1		0	0	not_retained_stage_unresolved_without_415_list
FJ602104.1	1		0	0	not_retained_stage_unresolved_without_415_list
FJ602105.1	1		0	0	not_retained_stage_unresolved_without_415_list
FJ602106.1	1		0	0	not_retained_stage_unresolved_without_415_list
FJ602107.1	1		0	0	not_retained_stage_unresolved_without_415_list
FJ602108.1	1		0	0	not_retained_stage_unresolved_without_415_list
FJ602109.1	1		0	0	not_retained_stage_unresolved_without_415_list
FJ602110.1	1		0	0	not_retained_stage_unresolved_without_415_list
FJ602111.1	1		0	0	not_retained_stage_unresolved_without_415_list
FJ602112.1	1		0	0	not_retained_stage_unresolved_without_415_list
FJ602113.1	1		0	0	not_retained_stage_unresolved_without_415_list
FJ602114.1	1		0	0	not_retained_stage_unresolved_without_415_list
FJ602115.1	1		0	0	not_retained_stage_unresolved_without_415_list
FJ602116.1	1		0	0	not_retained_stage_unresolved_without_415_list
FJ602117.1	1		0	0	not_retained_stage_unresolved_without_415_list
FJ602118.1	1		0	0	not_retained_stage_unresolved_without_415_list
FJ602119.1	1		0	0	not_retained_stage_unresolved_without_415_list
FJ602120.1	1		0	0	not_retained_stage_unresolved_without_415_list
FJ602121.1	1		0	0	not_retained_stage_unresolved_without_415_list
FJ602122.1	1		0	0	not_retained_stage_unresolved_without_415_list
FJ602123.1	1		0	0	not_retained_stage_unresolved_without_415_list
FJ602124.1	1		0	0	not_retained_stage_unresolved_without_415_list
FJ602125.1	1		0	0	not_retained_stage_unresolved_without_415_list
FJ602126.1	1		0	0	not_retained_stage_unresolved_without_415_list
FJ602127.1	1		0	0	not_retained_stage_unresolved_without_415_list
FJ602128.1	1		0	0	not_retained_stage_unresolved_without_415_list
FJ602129.1	1		0	0	not_retained_stage_unresolved_without_415_list
FJ602130.1	1		0	0	not_retained_stage_unresolved_without_415_list
FJ602131.1	1		0	0	not_retained_stage_unresolved_without_415_list
FJ602132.1	1		0	0	not_retained_stage_unresolved_without_415_list
FJ602133.1	1		0	0	not_retained_stage_unresolved_without_415_list
FJ602134.1	1		0	0	not_retained_stage_unresolved_without_415_list
FJ602135.1	1		0	0	not_retained_stage_unresolved_without_415_list
FJ602136.1	1		0	0	not_retained_stage_unresolved_without_415_list
FJ602137.1	1		0	0	not_retained_stage_unresolved_without_415_list
FJ602138.1	1		0	0	not_retained_stage_unresolved_without_415_list
FJ602139.1	1		0	0	not_retained_stage_unresolved_without_415_list
FJ602140.1	1		0	0	not_retained_stage_unresolved_without_415_list
FJ602141.1	1		0	0	not_retained_stage_unresolved_without_415_list
FJ807903.1	1		0	0	not_retained_stage_unresolved_without_415_list
FJ807904.1	1		0	0	not_retained_stage_unresolved_without_415_list
FJ807905.1	1		0	0	not_retained_stage_unresolved_without_415_list
FJ807906.1	1		0	0	not_retained_stage_unresolved_without_415_list
FJ807907.1	1		0	0	not_retained_stage_unresolved_without_415_list
FJ807908.1	1		0	0	not_retained_stage_unresolved_without_415_list
FJ807909.1	1		0	0	not_retained_stage_unresolved_without_415_list
FJ882756.1	1		1	0	retained_final_dataset
FJ882806.1	1		1	0	retained_final_dataset
FJ882809.1	1		1	0	retained_final_dataset
FJ882813.1	1		1	0	retained_final_dataset
FJ882841.1	1		1	0	retained_final_dataset
GQ368659.1	1		1	0	retained_final_dataset
GQ489031.1	1		0	0	not_retained_stage_unresolved_without_415_list
GQ489033.1	1		0	0	not_retained_stage_unresolved_without_415_list
GQ489034.1	1		0	0	not_retained_stage_unresolved_without_415_list
GQ489036.1	1		0	0	not_retained_stage_unresolved_without_415_list
GQ489060.1	1		0	0	not_retained_stage_unresolved_without_415_list
GQ489063.1	1		0	0	not_retained_stage_unresolved_without_415_list
GQ489064.1	1		0	0	not_retained_stage_unresolved_without_415_list
GQ489065.1	1		0	0	not_retained_stage_unresolved_without_415_list
GQ489066.1	1		0	0	not_retained_stage_unresolved_without_415_list
GQ489067.1	1		0	0	not_retained_stage_unresolved_without_415_list
GQ489068.1	1		0	0	not_retained_stage_unresolved_without_415_list
GQ489069.1	1		0	0	not_retained_stage_unresolved_without_415_list
GQ489070.1	1		0	0	not_retained_stage_unresolved_without_415_list
GQ916753.1	1		0	0	not_retained_stage_unresolved_without_415_list
HE610671.1	1		0	0	not_retained_stage_unresolved_without_415_list
HE610672.1	1		0	0	not_retained_stage_unresolved_without_415_list
HE610673.1	1		0	0	not_retained_stage_unresolved_without_415_list
HE610674.1	1		0	0	not_retained_stage_unresolved_without_415_list
HE610675.1	1		0	0	not_retained_stage_unresolved_without_415_list
HE610676.1	1		0	0	not_retained_stage_unresolved_without_415_list
HQ697272.1	1		1	0	retained_final_dataset
HQ697273.1	1		1	0	retained_final_dataset
JN627421.1	1		1	0	retained_final_dataset
JN627422.1	2		1	0	retained_final_dataset
JN627423.1	1		1	0	retained_final_dataset
JN627424.1	2		1	0	retained_final_dataset
JN627425.1	1		1	0	retained_final_dataset
JN627426.1	2		1	0	retained_final_dataset
JN654460.1	1		0	0	not_retained_stage_unresolved_without_415_list
JN657500.1	1		0	0	not_retained_stage_unresolved_without_415_list
JN657501.1	1		0	0	not_retained_stage_unresolved_without_415_list
JN657502.1	1		0	0	not_retained_stage_unresolved_without_415_list
JN657503.1	1		0	0	not_retained_stage_unresolved_without_415_list
JQ626637.1	1		1	0	retained_final_dataset
JQ626638.1	1		1	0	retained_final_dataset
JQ626639.1	1		1	0	retained_final_dataset
JQ626640.1	1		1	0	retained_final_dataset
JQ626641.1	1		1	0	retained_final_dataset
JQ626642.1	1		1	0	retained_final_dataset
JQ626643.1	1		1	0	retained_final_dataset
JQ626644.1	1		1	0	retained_final_dataset
JX439774.1	1		0	0	not_retained_stage_unresolved_without_415_list
JX439775.1	1		0	0	not_retained_stage_unresolved_without_415_list
JX439776.1	1		0	0	not_retained_stage_unresolved_without_415_list
JX439777.1	1		0	0	not_retained_stage_unresolved_without_415_list
JX439778.1	1		0	0	not_retained_stage_unresolved_without_415_list
JX439779.1	1		0	0	not_retained_stage_unresolved_without_415_list
JX439780.1	1		0	0	not_retained_stage_unresolved_without_415_list
JX439781.1	1		0	0	not_retained_stage_unresolved_without_415_list
JX564863.1	1		1	0	retained_final_dataset
JX893174.1	1		1	0	retained_final_dataset
JX893175.1	1		1	0	retained_final_dataset
JX893176.1	1		1	0	retained_final_dataset
JX893177.1	1		1	0	retained_final_dataset
JX893178.1	1		1	0	retained_final_dataset
JX893179.1	1		1	0	retained_final_dataset
JX893180.1	1		1	0	retained_final_dataset
KF049927.1	1		1	0	retained_final_dataset
KF645351.1	1		1	0	retained_final_dataset
KF645352.1	1		1	0	retained_final_dataset
KF645353.1	1		1	0	retained_final_dataset
KF645354.1	1		1	0	retained_final_dataset
KF645358.1	1		1	0	retained_final_dataset
KF645359.1	1		1	0	retained_final_dataset
KF645360.1	1		1	0	retained_final_dataset
KF645364.1	1		1	0	retained_final_dataset
KF645365.1	1		1	0	retained_final_dataset
KF645366.1	1		1	0	retained_final_dataset
KF645369.1	1		1	0	retained_final_dataset
KF645370.1	1		1	0	retained_final_dataset
KF645371.1	1		1	0	retained_final_dataset
KF645372.1	1		1	0	retained_final_dataset
KF645373.1	1		1	0	retained_final_dataset
KF645374.1	1		1	0	retained_final_dataset
KF645375.1	1		1	0	retained_final_dataset
KF645386.1	1		1	0	retained_final_dataset
KF645387.1	1		1	0	retained_final_dataset
KF645388.1	1		0	0	not_retained_stage_unresolved_without_415_list
KF645389.1	1		0	0	not_retained_stage_unresolved_without_415_list
KF645390.1	1		0	0	not_retained_stage_unresolved_without_415_list
KF645391.1	1		0	0	not_retained_stage_unresolved_without_415_list
KF645392.1	1		0	0	not_retained_stage_unresolved_without_415_list
KF645393.1	1		0	0	not_retained_stage_unresolved_without_415_list
KF645394.1	1		0	0	not_retained_stage_unresolved_without_415_list
KF645395.1	1		0	0	not_retained_stage_unresolved_without_415_list
KF645396.1	1		0	0	not_retained_stage_unresolved_without_415_list
KF645397.1	1		0	0	not_retained_stage_unresolved_without_415_list
KF645398.1	1		0	0	not_retained_stage_unresolved_without_415_list
KF645399.1	1		0	0	not_retained_stage_unresolved_without_415_list
KF645400.1	1		0	0	not_retained_stage_unresolved_without_415_list
KF645401.1	1		1	0	retained_final_dataset
KF645402.1	1		1	0	retained_final_dataset
KF645403.1	1		1	0	retained_final_dataset
KF645404.1	1		1	0	retained_final_dataset
KF645405.1	1		1	0	retained_final_dataset
KF645406.1	1		1	0	retained_final_dataset
KF645407.1	1		1	0	retained_final_dataset
KF645408.1	1		1	0	retained_final_dataset
KF645409.1	1		1	0	retained_final_dataset
KF645410.1	1		1	0	retained_final_dataset
KF645411.1	1		1	0	retained_final_dataset
KF645412.1	1		1	0	retained_final_dataset
KF645413.1	1		1	0	retained_final_dataset
KF645414.1	1		0	0	not_retained_stage_unresolved_without_415_list
KF645415.1	1		1	0	retained_final_dataset
KF645416.1	1		1	0	retained_final_dataset
KF645417.1	1		0	0	not_retained_stage_unresolved_without_415_list
KF645418.1	1		1	0	retained_final_dataset
KF645419.1	1		1	0	retained_final_dataset
KF645420.1	1		1	0	retained_final_dataset
KF645421.1	1		1	0	retained_final_dataset
KF645422.1	1		1	0	retained_final_dataset
KF645423.1	1		1	0	retained_final_dataset
KF664594.1	1		0	0	not_retained_stage_unresolved_without_415_list
KF664601.1	1		0	0	not_retained_stage_unresolved_without_415_list
KF664850.1	1		0	0	not_retained_stage_unresolved_without_415_list
KP109551.1	1		0	0	not_retained_stage_unresolved_without_415_list
KP109552.1	1		0	0	not_retained_stage_unresolved_without_415_list
KP109553.1	1		0	0	not_retained_stage_unresolved_without_415_list
KP109554.1	1		0	0	not_retained_stage_unresolved_without_415_list
KP109555.1	1		0	0	not_retained_stage_unresolved_without_415_list
KP109556.1	1		0	0	not_retained_stage_unresolved_without_415_list
KP109557.1	1		0	0	not_retained_stage_unresolved_without_415_list
KP109558.1	1		0	0	not_retained_stage_unresolved_without_415_list
KP109559.1	1		0	0	not_retained_stage_unresolved_without_415_list
KP109569.1	1		0	0	not_retained_stage_unresolved_without_415_list
KP109570.1	1		0	0	not_retained_stage_unresolved_without_415_list
KP109571.1	1		0	0	not_retained_stage_unresolved_without_415_list
KP109572.1	1		0	0	not_retained_stage_unresolved_without_415_list
KP109573.1	1		0	0	not_retained_stage_unresolved_without_415_list
KP109574.1	1		0	0	not_retained_stage_unresolved_without_415_list
KP109575.1	1		0	0	not_retained_stage_unresolved_without_415_list
KP109576.1	1		0	0	not_retained_stage_unresolved_without_415_list
KP109577.1	1		0	0	not_retained_stage_unresolved_without_415_list
KP109578.1	1		0	0	not_retained_stage_unresolved_without_415_list
KP109579.1	1		0	0	not_retained_stage_unresolved_without_415_list
KP260932.1	1		1	0	retained_final_dataset
KP742596.1	1		0	0	not_retained_stage_unresolved_without_415_list
KP742642.1	1		0	0	not_retained_stage_unresolved_without_415_list
KP814011.1	1		1	0	retained_final_dataset
KR869513.1	1		1	0	retained_final_dataset
KR869514.1	1		1	0	retained_final_dataset
KR869515.1	1		1	0	retained_final_dataset
KR869516.1	1		1	0	retained_final_dataset
KR869517.1	1		1	0	retained_final_dataset
KR869518.1	1		1	0	retained_final_dataset
KR869519.1	1		1	0	retained_final_dataset
KR869520.1	1		1	0	retained_final_dataset
KR869521.1	1		1	0	retained_final_dataset
KR869522.1	1		1	0	retained_final_dataset
KR869523.1	1		1	0	retained_final_dataset
KR869524.1	1		1	0	retained_final_dataset
KR869525.1	1		1	0	retained_final_dataset
KR869526.1	1		1	0	retained_final_dataset
KR869527.1	1		1	0	retained_final_dataset
KR869528.1	1		1	0	retained_final_dataset
KR869529.1	1		1	0	retained_final_dataset
KR869530.1	1		1	0	retained_final_dataset
KR869531.1	1		1	0	retained_final_dataset
KR869532.1	1		1	0	retained_final_dataset
KR869533.1	1		1	0	retained_final_dataset
KR869534.1	1		1	0	retained_final_dataset
KR869535.1	1		1	0	retained_final_dataset
KR869536.1	1		1	0	retained_final_dataset
KR869537.1	1		1	0	retained_final_dataset
KR869538.1	1		1	0	retained_final_dataset
KR869539.1	1		1	0	retained_final_dataset
KR869540.1	1		1	0	retained_final_dataset
KR869541.1	1		1	0	retained_final_dataset
KR869542.1	1		1	0	retained_final_dataset
KR869543.1	1		1	0	retained_final_dataset
KR869544.1	1		1	0	retained_final_dataset
KR869545.1	1		1	0	retained_final_dataset
KR869546.1	1		1	0	retained_final_dataset
KR869547.1	1		1	0	retained_final_dataset
KR869548.1	1		1	0	retained_final_dataset
KR869549.1	1		1	0	retained_final_dataset
KR869550.1	1		1	0	retained_final_dataset
KR869551.1	1		1	0	retained_final_dataset
KR869552.1	1		1	0	retained_final_dataset
KR869553.1	1		1	0	retained_final_dataset
KR869554.1	1		1	0	retained_final_dataset
KR869555.1	1		1	0	retained_final_dataset
KR869556.1	1		1	0	retained_final_dataset
KR869557.1	1		1	0	retained_final_dataset
KR869558.1	1		1	0	retained_final_dataset
KR869559.1	1		1	0	retained_final_dataset
KR869560.1	1		1	0	retained_final_dataset
KR869561.1	1		1	0	retained_final_dataset
KR869562.1	1		1	0	retained_final_dataset
KR869563.1	1		1	0	retained_final_dataset
KR869564.1	1		1	0	retained_final_dataset
KR869565.1	1		1	0	retained_final_dataset
KR869566.1	1		1	0	retained_final_dataset
KR869567.1	1		1	0	retained_final_dataset
KR869568.1	1		1	0	retained_final_dataset
KR869569.1	1		1	0	retained_final_dataset
KR869570.1	1		1	0	retained_final_dataset
KR869571.1	1		1	0	retained_final_dataset
KR869572.1	1		1	0	retained_final_dataset
KR869573.1	1		1	0	retained_final_dataset
KR869574.1	1		1	0	retained_final_dataset
KR869575.1	1		1	0	retained_final_dataset
KR869576.1	1		1	0	retained_final_dataset
KR869577.1	1		1	0	retained_final_dataset
KR869578.1	1		1	0	retained_final_dataset
KR869579.1	1		1	0	retained_final_dataset
KR869580.1	1		1	0	retained_final_dataset
KR869581.1	1		1	0	retained_final_dataset
KR869582.1	1		1	0	retained_final_dataset
KR869583.1	1		1	0	retained_final_dataset
KR869584.1	1		1	0	retained_final_dataset
KR869585.1	1		1	0	retained_final_dataset
KR869586.1	1		1	0	retained_final_dataset
KR869587.1	1		1	0	retained_final_dataset
KR869588.1	1		1	0	retained_final_dataset
KR869589.1	1		1	0	retained_final_dataset
KR869590.1	1		1	0	retained_final_dataset
KR869591.1	1		1	0	retained_final_dataset
KR869592.1	1		1	0	retained_final_dataset
KR869593.1	1		1	0	retained_final_dataset
KR869594.1	1		1	0	retained_final_dataset
KR869595.1	1		1	0	retained_final_dataset
KR869596.1	1		1	0	retained_final_dataset
KR869597.1	1		1	0	retained_final_dataset
KR869598.1	1		1	0	retained_final_dataset
KR869599.1	1		1	0	retained_final_dataset
KR869600.1	1		1	0	retained_final_dataset
KR869601.1	1		1	0	retained_final_dataset
KR869602.1	1		1	0	retained_final_dataset
KR869603.1	1		1	0	retained_final_dataset
KR869604.1	1		1	0	retained_final_dataset
KR869605.1	1		1	0	retained_final_dataset
KR869606.1	1		1	0	retained_final_dataset
KR869607.1	1		1	0	retained_final_dataset
KR869608.1	1		1	0	retained_final_dataset
KR869609.1	1		1	0	retained_final_dataset
KR869610.1	1		1	0	retained_final_dataset
KR869611.1	1		1	0	retained_final_dataset
KR869612.1	1		1	0	retained_final_dataset
KR869613.1	1		1	0	retained_final_dataset
KR869614.1	1		1	0	retained_final_dataset
KR869615.1	1		1	0	retained_final_dataset
KR869616.1	1		1	0	retained_final_dataset
KR869617.1	1		1	0	retained_final_dataset
KR869618.1	1		1	0	retained_final_dataset
KR869619.1	1		1	0	retained_final_dataset
KR869620.1	1		1	0	retained_final_dataset
KR869621.1	1		1	0	retained_final_dataset
KR869622.1	1		1	0	retained_final_dataset
KR869623.1	1		1	0	retained_final_dataset
KR869624.1	1		1	0	retained_final_dataset
KR869625.1	1		1	0	retained_final_dataset
KR869626.1	1		1	0	retained_final_dataset
KR869627.1	1		1	0	retained_final_dataset
KT074476.1	1		1	0	retained_final_dataset
KU840522.1	1		1	0	retained_final_dataset
KX094979.1	1		1	0	retained_final_dataset
KX237595.1	1		0	0	not_retained_stage_unresolved_without_415_list
KX237597.1	1		0	0	not_retained_stage_unresolved_without_415_list
KX237599.1	1		0	0	not_retained_stage_unresolved_without_415_list
KX237600.1	1		0	0	not_retained_stage_unresolved_without_415_list
KX237603.1	1		0	0	not_retained_stage_unresolved_without_415_list
KX237604.1	1		0	0	not_retained_stage_unresolved_without_415_list
KX269196.1	1		1	0	retained_final_dataset
KX269198.1	1		1	0	retained_final_dataset
KX269208.1	1		1	0	retained_final_dataset
KX686108.1	1		1	0	retained_final_dataset
KY523150.1	1		1	0	retained_final_dataset
KY523151.1	1		1	0	retained_final_dataset
KY523152.1	1		1	0	retained_final_dataset
KY523153.1	1		1	0	retained_final_dataset
KY523154.1	1		1	0	retained_final_dataset
KY523155.1	1		1	0	retained_final_dataset
KY523156.1	1		1	0	retained_final_dataset
KY523157.1	1		1	0	retained_final_dataset
KY523158.1	1		1	0	retained_final_dataset
KY523159.1	1		1	0	retained_final_dataset
KY523160.1	1		1	0	retained_final_dataset
KY523161.1	1		1	0	retained_final_dataset
KY523162.1	1		1	0	retained_final_dataset
KY523163.1	1		1	0	retained_final_dataset
KY523164.1	1		1	0	retained_final_dataset
KY523165.1	1		1	0	retained_final_dataset
KY523166.1	1		1	0	retained_final_dataset
KY523167.1	1		1	0	retained_final_dataset
KY523168.1	1		1	0	retained_final_dataset
KY523169.1	1		1	0	retained_final_dataset
KY523170.1	1		1	0	retained_final_dataset
KY523171.1	1		1	0	retained_final_dataset
KY523172.1	1		1	0	retained_final_dataset
KY523173.1	1		1	0	retained_final_dataset
KY523174.1	1		1	0	retained_final_dataset
KY523175.1	1		1	0	retained_final_dataset
KY523176.1	1		1	0	retained_final_dataset
KY523177.1	1		1	0	retained_final_dataset
KY677760.1	1		1	0	retained_final_dataset
KY677782.1	1		1	0	retained_final_dataset
KY677788.1	1		1	0	retained_final_dataset
KY677796.1	1		1	0	retained_final_dataset
KY677801.1	1		1	0	retained_final_dataset
KY677804.1	1		1	0	retained_final_dataset
KY677808.1	1		1	0	retained_final_dataset
KY677815.1	1		1	0	retained_final_dataset
KY677817.1	1		1	0	retained_final_dataset
KY762016.1	1		0	0	not_retained_stage_unresolved_without_415_list
KY762018.1	1		0	0	not_retained_stage_unresolved_without_415_list
KY762019.1	1		0	0	not_retained_stage_unresolved_without_415_list
KY762020.1	1		0	0	not_retained_stage_unresolved_without_415_list
LC104739.1	1		0	0	not_retained_stage_unresolved_without_415_list
LC104747.1	1		0	0	not_retained_stage_unresolved_without_415_list
M10188.1	1		0	0	not_retained_stage_unresolved_without_415_list
M10217.1	1		0	0	not_retained_stage_unresolved_without_415_list
M13046.1	1		0	0	not_retained_stage_unresolved_without_415_list
M27605.1	1		1	0	retained_final_dataset
M57527.1	1		1	0	retained_final_dataset
MF043387.1	1		1	0	retained_final_dataset
MF043391.1	1		0	0	not_retained_stage_unresolved_without_415_list
MF043392.1	1		1	0	retained_final_dataset
MF043393.1	1		1	0	retained_final_dataset
MH105094.1	1		0	0	not_retained_stage_unresolved_without_415_list
MH105095.1	1		0	0	not_retained_stage_unresolved_without_415_list
MH105096.1	1		0	0	not_retained_stage_unresolved_without_415_list
MH105097.1	1		0	0	not_retained_stage_unresolved_without_415_list
MH105098.1	1		0	0	not_retained_stage_unresolved_without_415_list
MH105099.1	1		0	0	not_retained_stage_unresolved_without_415_list
MH105100.1	1		0	0	not_retained_stage_unresolved_without_415_list
MH536744.1	1		1	0	retained_final_dataset
MH885011.1	1		0	0	not_retained_stage_unresolved_without_415_list
MK013943.1	1		0	0	not_retained_stage_unresolved_without_415_list
MK013944.1	2		0	0	not_retained_stage_unresolved_without_415_list
MK013945.1	1		0	0	not_retained_stage_unresolved_without_415_list
MK013946.1	2		0	0	not_retained_stage_unresolved_without_415_list
MK013947.1	1		0	0	not_retained_stage_unresolved_without_415_list
MK013948.1	1		0	0	not_retained_stage_unresolved_without_415_list
MK013950.1	1		0	0	not_retained_stage_unresolved_without_415_list
MK013951.1	1		0	0	not_retained_stage_unresolved_without_415_list
MK013952.1	1		0	0	not_retained_stage_unresolved_without_415_list
MK013953.1	1		0	0	not_retained_stage_unresolved_without_415_list
MK013954.1	1		0	0	not_retained_stage_unresolved_without_415_list
MK013956.1	1		0	0	not_retained_stage_unresolved_without_415_list
MK013958.1	1		0	0	not_retained_stage_unresolved_without_415_list
MK130842.1	1		0	0	not_retained_stage_unresolved_without_415_list
MK130843.1	1		0	0	not_retained_stage_unresolved_without_415_list
MK511374.1	1		0	0	not_retained_stage_unresolved_without_415_list
MK511375.1	1		0	0	not_retained_stage_unresolved_without_415_list
MK511376.1	1		0	0	not_retained_stage_unresolved_without_415_list
MK511377.1	1		0	0	not_retained_stage_unresolved_without_415_list
MK511378.1	1		0	0	not_retained_stage_unresolved_without_415_list
MK511379.1	1		0	0	not_retained_stage_unresolved_without_415_list
MK511382.1	1		0	0	not_retained_stage_unresolved_without_415_list
MK511383.1	1		0	0	not_retained_stage_unresolved_without_415_list
MN122819.1	1		1	0	retained_final_dataset
MN122878.1	1		1	0	retained_final_dataset
MN122883.1	2		1	0	retained_final_dataset
MN122891.1	1		1	0	retained_final_dataset
MN122930.1	2		1	0	retained_final_dataset
MN122932.1	1		1	0	retained_final_dataset
MN241124.1	1		1	0	retained_final_dataset
MN259072.1	1		1	0	retained_final_dataset
MN259073.1	1		1	0	retained_final_dataset
MT410942.1	1		1	0	retained_final_dataset
MT410949.1	1		1	0	retained_final_dataset
MT483700.1	1		1	0	retained_final_dataset
NC_001573.1	1		0	0	not_retained_stage_unresolved_without_415_list
NC_009258.1	1		1	0	retained_final_dataset
NC_015788.1	1		1	0	retained_final_dataset
NC_015790.1	1		1	0	retained_final_dataset
NC_022696.1	1		1	0	retained_final_dataset
NC_023342.1	1		1	0	retained_final_dataset
NC_026895.1	1		1	0	retained_final_dataset
NC_029200.1	1		1	0	retained_final_dataset
NC_042226.1	1		1	0	retained_final_dataset
NC_051953.1	1		1	0	retained_final_dataset
ON746668.1	1		1	0	retained_final_dataset
OP046110.1	1		0	0	not_retained_stage_unresolved_without_415_list
OP046111.1	1		0	0	not_retained_stage_unresolved_without_415_list
OP046112.1	1		0	0	not_retained_stage_unresolved_without_415_list
OP046113.1	1		0	0	not_retained_stage_unresolved_without_415_list
OP046114.1	1		0	0	not_retained_stage_unresolved_without_415_list
OP046115.1	1		0	0	not_retained_stage_unresolved_without_415_list
OP046116.1	1		0	0	not_retained_stage_unresolved_without_415_list
OP046117.1	1		0	0	not_retained_stage_unresolved_without_415_list
OP046118.1	1		0	0	not_retained_stage_unresolved_without_415_list
OP046119.1	1		0	0	not_retained_stage_unresolved_without_415_list
OP046120.1	1		0	0	not_retained_stage_unresolved_without_415_list
OP046121.1	1		0	0	not_retained_stage_unresolved_without_415_list
OP046122.1	1		0	0	not_retained_stage_unresolved_without_415_list
OP046123.1	1		0	0	not_retained_stage_unresolved_without_415_list
OP046124.1	1		0	0	not_retained_stage_unresolved_without_415_list
OP046125.1	1		0	0	not_retained_stage_unresolved_without_415_list
OP046126.1	1		0	0	not_retained_stage_unresolved_without_415_list
OP046127.1	1		0	0	not_retained_stage_unresolved_without_415_list
OP046128.1	1		0	0	not_retained_stage_unresolved_without_415_list
OP046129.1	1		0	0	not_retained_stage_unresolved_without_415_list
OP046130.1	1		0	0	not_retained_stage_unresolved_without_415_list
OP046131.1	1		0	0	not_retained_stage_unresolved_without_415_list
OP046132.1	1		0	0	not_retained_stage_unresolved_without_415_list
OP046133.1	1		0	0	not_retained_stage_unresolved_without_415_list
OP046134.1	1		0	0	not_retained_stage_unresolved_without_415_list
OP046135.1	1		0	0	not_retained_stage_unresolved_without_415_list
OP046136.1	1		0	0	not_retained_stage_unresolved_without_415_list
OP046137.1	1		0	0	not_retained_stage_unresolved_without_415_list
OP046138.1	1		0	0	not_retained_stage_unresolved_without_415_list
OP046139.1	1		0	0	not_retained_stage_unresolved_without_415_list
OP046140.1	1		0	0	not_retained_stage_unresolved_without_415_list
OP046141.1	1		0	0	not_retained_stage_unresolved_without_415_list
OP046142.1	1		0	0	not_retained_stage_unresolved_without_415_list
OP046143.1	1		0	0	not_retained_stage_unresolved_without_415_list
OP046144.1	1		0	0	not_retained_stage_unresolved_without_415_list
OP046145.1	1		0	0	not_retained_stage_unresolved_without_415_list
OP046146.1	1		0	0	not_retained_stage_unresolved_without_415_list
OP046147.1	1		0	0	not_retained_stage_unresolved_without_415_list
OP046148.1	1		0	0	not_retained_stage_unresolved_without_415_list
OP046149.1	1		0	0	not_retained_stage_unresolved_without_415_list
OP046150.1	1		0	0	not_retained_stage_unresolved_without_415_list
OP046151.1	1		0	0	not_retained_stage_unresolved_without_415_list
OP046152.1	1		0	0	not_retained_stage_unresolved_without_415_list
OP046153.1	1		0	0	not_retained_stage_unresolved_without_415_list
OP046154.1	1		0	0	not_retained_stage_unresolved_without_415_list
OP046155.1	1		0	0	not_retained_stage_unresolved_without_415_list
OP046156.1	1		0	0	not_retained_stage_unresolved_without_415_list
OP046157.1	1		0	0	not_retained_stage_unresolved_without_415_list
OP046158.1	1		0	0	not_retained_stage_unresolved_without_415_list
OP046159.1	1		0	0	not_retained_stage_unresolved_without_415_list
OP046160.1	1		0	0	not_retained_stage_unresolved_without_415_list
OP046161.1	1		0	0	not_retained_stage_unresolved_without_415_list
OP046162.1	1		0	0	not_retained_stage_unresolved_without_415_list
OP046163.1	1		0	0	not_retained_stage_unresolved_without_415_list
OP046164.1	1		0	0	not_retained_stage_unresolved_without_415_list
OP046165.1	1		0	0	not_retained_stage_unresolved_without_415_list
OP046166.1	1		0	0	not_retained_stage_unresolved_without_415_list
OP046167.1	1		0	0	not_retained_stage_unresolved_without_415_list
OP046168.1	1		0	0	not_retained_stage_unresolved_without_415_list
OP046169.1	1		0	0	not_retained_stage_unresolved_without_415_list
OQ319272.1	1		1	0	retained_final_dataset
OQ319273.1	1		1	0	retained_final_dataset
OQ319274.1	1		1	0	retained_final_dataset
OQ319275.1	1		1	0	retained_final_dataset
OQ319276.1	1		1	0	retained_final_dataset
OQ319277.1	1		1	0	retained_final_dataset
OQ319278.1	1		1	0	retained_final_dataset
OQ319279.1	1		1	0	retained_final_dataset
OQ319280.1	1		1	0	retained_final_dataset
OQ319281.1	1		1	0	retained_final_dataset
OQ319282.1	1		1	0	retained_final_dataset
OQ319283.1	1		1	0	retained_final_dataset
OQ319284.1	1		1	0	retained_final_dataset
OQ319285.1	1		1	0	retained_final_dataset
OQ319286.1	1		1	0	retained_final_dataset
OQ319287.1	1		1	0	retained_final_dataset
OQ319288.1	1		1	0	retained_final_dataset
OQ319289.1	1		1	0	retained_final_dataset
OQ319290.1	1		1	0	retained_final_dataset
OQ319291.1	1		1	0	retained_final_dataset
OQ319292.1	1		1	0	retained_final_dataset
OQ319293.1	1		1	0	retained_final_dataset
OQ319294.1	1		1	0	retained_final_dataset
OQ319295.1	1		1	0	retained_final_dataset
OQ319296.1	1		1	0	retained_final_dataset
OQ319297.1	1		1	0	retained_final_dataset
OQ319298.1	1		1	0	retained_final_dataset
OQ319299.1	1		1	0	retained_final_dataset
OQ319300.1	1		1	0	retained_final_dataset
OQ319301.1	1		1	0	retained_final_dataset
OQ319302.1	1		1	0	retained_final_dataset
OQ319303.1	1		1	0	retained_final_dataset
OQ319304.1	1		1	0	retained_final_dataset
OQ319305.1	1		1	0	retained_final_dataset
OQ319306.1	1		1	0	retained_final_dataset
OQ319307.1	1		1	0	retained_final_dataset
OQ319308.1	1		1	0	retained_final_dataset
OQ319309.1	1		1	0	retained_final_dataset
OQ319310.1	1		1	0	retained_final_dataset
OQ319311.1	1		1	0	retained_final_dataset
OQ319312.1	1		1	0	retained_final_dataset
OQ319313.1	1		1	0	retained_final_dataset
OQ319314.1	1		1	0	retained_final_dataset
OQ319315.1	1		1	0	retained_final_dataset
OQ319316.1	1		1	0	retained_final_dataset
OQ319317.1	1		1	0	retained_final_dataset
OQ319318.1	1		1	0	retained_final_dataset
OQ319319.1	1		1	0	retained_final_dataset
OQ319320.1	1		1	0	retained_final_dataset
OQ319321.1	1		1	0	retained_final_dataset
OQ508898.1	1		1	0	retained_final_dataset
OR340928.1	1		0	0	not_retained_stage_unresolved_without_415_list
OR340929.1	1		0	0	not_retained_stage_unresolved_without_415_list
OR340930.1	1		0	0	not_retained_stage_unresolved_without_415_list
OR340931.1	1		0	0	not_retained_stage_unresolved_without_415_list
OR340932.1	1		0	0	not_retained_stage_unresolved_without_415_list
OR340933.1	1		0	0	not_retained_stage_unresolved_without_415_list
OR340934.1	1		0	0	not_retained_stage_unresolved_without_415_list
OR340935.1	1		0	0	not_retained_stage_unresolved_without_415_list
OR340936.1	1		0	0	not_retained_stage_unresolved_without_415_list
OR340937.1	1		0	0	not_retained_stage_unresolved_without_415_list
OR340938.1	1		0	0	not_retained_stage_unresolved_without_415_list
OR340939.1	1		0	0	not_retained_stage_unresolved_without_415_list
OR340940.1	1		0	0	not_retained_stage_unresolved_without_415_list
OR340941.1	1		0	0	not_retained_stage_unresolved_without_415_list
OR340942.1	1		0	0	not_retained_stage_unresolved_without_415_list
OR340943.1	1		0	0	not_retained_stage_unresolved_without_415_list
OR340944.1	1		0	0	not_retained_stage_unresolved_without_415_list
OR340945.1	1		0	0	not_retained_stage_unresolved_without_415_list
OR340946.1	1		0	0	not_retained_stage_unresolved_without_415_list
OR340947.1	1		0	0	not_retained_stage_unresolved_without_415_list
OR340948.1	1		0	0	not_retained_stage_unresolved_without_415_list
OR340949.1	1		0	0	not_retained_stage_unresolved_without_415_list
OR340950.1	1		0	0	not_retained_stage_unresolved_without_415_list
OR340951.1	1		0	0	not_retained_stage_unresolved_without_415_list
OR340952.1	1		0	0	not_retained_stage_unresolved_without_415_list
OR340953.1	1		0	0	not_retained_stage_unresolved_without_415_list
OR340954.1	1		0	0	not_retained_stage_unresolved_without_415_list
OR340955.1	1		0	0	not_retained_stage_unresolved_without_415_list
OR340956.1	1		0	0	not_retained_stage_unresolved_without_415_list
OR340957.1	1		0	0	not_retained_stage_unresolved_without_415_list
OR340958.1	1		0	0	not_retained_stage_unresolved_without_415_list
OR340959.1	1		0	0	not_retained_stage_unresolved_without_415_list
OR340960.1	1		0	0	not_retained_stage_unresolved_without_415_list
OR340961.1	1		0	0	not_retained_stage_unresolved_without_415_list
OR340962.1	1		0	0	not_retained_stage_unresolved_without_415_list
OR340963.1	1		0	0	not_retained_stage_unresolved_without_415_list
PP135542.1	1		0	0	not_retained_stage_unresolved_without_415_list
PP471677.1	1		1	0	retained_final_dataset
PP471678.1	1		1	0	retained_final_dataset
PP471682.1	1		1	0	retained_final_dataset
PP471683.1	1		1	0	retained_final_dataset
PP471690.1	1		1	0	retained_final_dataset
PP471691.1	1		1	0	retained_final_dataset
PP471692.1	1		1	0	retained_final_dataset
PP471699.1	1		1	0	retained_final_dataset
PP471700.1	1		1	0	retained_final_dataset
PP471701.1	1		1	0	retained_final_dataset
PQ758684.1	1		0	0	not_retained_stage_unresolved_without_415_list
PQ816544.1	1		0	0	not_retained_stage_unresolved_without_415_list
PQ816556.1	1		0	0	not_retained_stage_unresolved_without_415_list
PQ858033.1	1		0	0	not_retained_stage_unresolved_without_415_list
PV034403.1	1		0	0	not_retained_stage_unresolved_without_415_list
PV054095.1	1		1	0	retained_final_dataset
U04698.1	1		0	0	not_retained_stage_unresolved_without_415_list
U04702.1	1		0	0	not_retained_stage_unresolved_without_415_list
U04704.1	1		0	0	not_retained_stage_unresolved_without_415_list
U36419.1	1		0	0	not_retained_stage_unresolved_without_415_list
U52726.1	1		1	0	retained_final_dataset
U52727.1	1		1	0	retained_final_dataset
X12841.1	1		1	0	retained_final_dataset
X86227.1	1		0	0	not_retained_stage_unresolved_without_415_list
X86235.1	1		0	0	not_retained_stage_unresolved_without_415_list
X86236.1	1		0	0	not_retained_stage_unresolved_without_415_list
X86261.2	1		0	0	not_retained_stage_unresolved_without_415_list
X86269.2	1		0	0	not_retained_stage_unresolved_without_415_list
X86270.2	1		0	0	not_retained_stage_unresolved_without_415_list
X86295.1	1		0	0	not_retained_stage_unresolved_without_415_list
X86303.1	1		0	0	not_retained_stage_unresolved_without_415_list
X86304.2	1		0	0	not_retained_stage_unresolved_without_415_list
X95493.1	2		0	0	not_retained_stage_unresolved_without_415_list
X95494.1	1		0	0	not_retained_stage_unresolved_without_415_list
Y10943.1	1		0	1	manually_discarded_after_crabs
