Accession	length		Taxonomy:					Species	Batra sequence aligned
AB761267.1	8400	nan	Chordata	Amphibia	Anura	Ranidae	Aquarana	Aquarana_catesbeiana	acaccgcccgtcaccctcttcgatagta-t-ctcaccccgttcctaaccc-actatt-acattt-tagaagaggcaagtcgtaacatggtaagtgtac
AY779206.1	8400	nan	Chordata	Amphibia	Anura	Ranidae	Aquarana	Aquarana_catesbeiana	acaccgcccgtcaccctcttcgatagta-t-ctcaccccgttcctaaccc-actatt-acattt-tagaagaggcaagtcgtaacatggtaagtgtac
AY819354.1	8400	nan	Chordata	Amphibia	Anura	Ranidae	Aquarana	Aquarana_catesbeiana	acaccgcccgtcaccctcttcgatagta-t-ctcaccccgttcctaaccc-actatt-acattt-tagaagaggcaagtcgtaacatggtaagtgtac
CM075517.2	8400	nan	Chordata	Amphibia	Anura	Ranidae	Aquarana	Aquarana_catesbeiana	acaccgcccgtcaccctcttcgatagta-t-ctcaccccgttcctaaccc-actatt-acattt-tagaagaggcaagtcgtaacatggtaagtgtac
DQ283257.1	8400	nan	Chordata	Amphibia	Anura	Ranidae	Aquarana	Aquarana_catesbeiana	acaccgcccgtcaccctcttcgatagta-t-ctcaccccgttcctaaccc-actatt-acattt-tagaagaggcaagtcgtaacatggtaagtgtac
DQ359960.1	8400	nan	Chordata	Amphibia	Anura	Ranidae	Aquarana	Aquarana_catesbeiana	acaccgcccgtcaccctcttcgatagta-t-ctcaccccgttcctaaccc-actatt-acattt-tagaagaggcaagtcgtaacatggtaagtgtac
KF049927.1	8400	nan	Chordata	Amphibia	Anura	Ranidae	Aquarana	Aquarana_catesbeiana	acaccgcccgtcaccctcttcgatagta-t-ctcaccccgttcctaaccc-cctatt-acattt-tagaagaggcaagtcgtaacctggtaagtgtac
KU840522.1	8400	nan	Chordata	Amphibia	Anura	Ranidae	Aquarana	Aquarana_catesbeiana	acaccgcccgtcaccctcttcgatagta-t-ctcaccccgttcctaaccc-actatt-acattt-tagaagaggcaagtcgtaacatggtaagtgtac
KX269208.1	8400	nan	Chordata	Amphibia	Anura	Ranidae	Aquarana	Aquarana_catesbeiana	acaccgcccgtcaccctcttcgatagta-t-ctcaccccgttcctaaccc-actatt-acattt-tagaagaggcaagtcgtaacatggtaagtgtac
KX686108.1	8400	nan	Chordata	Amphibia	Anura	Ranidae	Aquarana	Aquarana_catesbeiana	acaccgcccgtcaccctcttcgatagta-t-ctcaccccgttcctaaccc-actatt-acattt-tagaagaggcaagtcgtaacatggtaagtgtac
KY677760.1	8400	nan	Chordata	Amphibia	Anura	Ranidae	Aquarana	Aquarana_catesbeiana	acaccgcccgtcaccctcttcgatagta-t-ctaaccccgttcctaaccc-actatt-acattt-tagaagaggcaagtcgtaacatggtaagtgtac
KY677782.1	8400	nan	Chordata	Amphibia	Anura	Ranidae	Aquarana	Aquarana_catesbeiana	acaccgcccgtcaccctcttcgatagta-t-ctcaccccgttcctaaccc-actatt-acattt-tagaagaggcaagtcgtaacatggtaagtgtac
KY677788.1	8400	nan	Chordata	Amphibia	Anura	Ranidae	Aquarana	Aquarana_catesbeiana	acaccgcccgtcaccctcttcgatagta-t-ctcaccccgttcctaaccc-actatt-acattt-tagaagaggcaagtcgtaacatggtaagtgtac
KY677796.1	8400	nan	Chordata	Amphibia	Anura	Ranidae	Aquarana	Aquarana_catesbeiana	acaccgcccgtcaccctcttcgatagta-t-ctcaccccgttcctaaccc-actatt-acattt-tagaagaggcaagtcgtaacatggtaagtgtac
KY677801.1	8400	nan	Chordata	Amphibia	Anura	Ranidae	Aquarana	Aquarana_catesbeiana	acaccgcccgtcaccctcttcgatagta-t-ctcaccccgttcctaaccc-actatt-acattt-tagaagaggcaagtcgtaacatggtaagtgtac
KY677808.1	8400	nan	Chordata	Amphibia	Anura	Ranidae	Aquarana	Aquarana_catesbeiana	acaccgcccgtcaccctcttcgatagta-t-ctcaccccgttcctaaccc-actatt-acattt-tagaagaggcaagtcgtaacatggtaagtgtac
KY677815.1	8400	nan	Chordata	Amphibia	Anura	Ranidae	Aquarana	Aquarana_catesbeiana	acaccgcccgtcaccctcttcgatagta-t-ctcaccccgttcctaaccc-actatt-acattt-tagaagaggcaagtcgtaacatggtaagtgtac
KY677817.1	8400	nan	Chordata	Amphibia	Anura	Ranidae	Aquarana	Aquarana_catesbeiana	acaccgcccgtcaccctcttcgatagta-t-ctcaccccgttcctaaccc-actatt-acattt-tagaagaggcaagtcgtaacatggtaagtgtac
M57527.1	8400	nan	Chordata	Amphibia	Anura	Ranidae	Aquarana	Aquarana_catesbeiana	acaccgcccgtcaccctcttcgatagta-t-ctcaccccgttcctaaccc-actatt-acattt-tagaagaggcaagtcgtaacatggtaagtgtac
MN241124.1	8400	nan	Chordata	Amphibia	Anura	Ranidae	Aquarana	Aquarana_catesbeiana	acaccgcccgtcaccctcttcgatagta-t-ctcaccccgttcctaaccc-actatt-acattt-tagaagaggcaagtcgtaacatggtaagtgtac
NC_022696.1	8400	nan	Chordata	Amphibia	Anura	Ranidae	Aquarana	Aquarana_catesbeiana	acaccgcccgtcaccctcttcgatagta-t-ctcaccccgttcctaaccc-cctatt-acattt-tagaagaggcaagtcgtaacctggtaagtgtac
ON746668.1	8400	nan	Chordata	Amphibia	Anura	Ranidae	Aquarana	Aquarana_catesbeiana	acaccgcccgtcaccctcttcgatagta-t-ctcaccccgttcctaaccc-actatt-acattt-tagaagaggcaagtcgtaacatggtaagtgtac
X12841.1	8400	nan	Chordata	Amphibia	Anura	Ranidae	Aquarana	Aquarana_catesbeiana	acaccgcccgtcaccctcttcgatagta-t-ctcaccccgttcctaaccc-actatt-acattt-tagaagaggcaagtcgtaacatggtaagtgtac
EU531353.1	260370	nan	Chordata	Amphibia	Anura	Bombinatoridae	Bombina	Bombina_pachypus	acaccgcccgtcaccctcttcaactaaa-a-ctaatatatccttaaaaca-taaaac-aagtac-aagaagaggtaagtcgtaacatggtaagtatac
JX893179.1	260370	nan	Chordata	Amphibia	Anura	Bombinatoridae	Bombina	Bombina_pachypus	acaccgcccgtcaccctcttcaactaaa-a-ctaatatatccttaaaaca-taaaac-gagtac-aagaagaggtaagtcgtaacatggtaagtatac
JX893180.1	260370	nan	Chordata	Amphibia	Anura	Bombinatoridae	Bombina	Bombina_pachypus	acaccgcccgtcaccctcttcaactaaa-a-ctaatatatccttaaaaca-taaaac-aagtac-aagaagaggtaagtcgtaacatggtaagtatac
AY971143.1	8348	nan	Chordata	Amphibia	Anura	Bombinatoridae	Bombina	Bombina_variegata	acaccgcccgtcaccctcttcaactaga-a-ctgatatatttctaaaaca-taaaac-gagtac-aagaagaggtaagtcgtaacatggtaagtatac
DQ283249.1	8348	nan	Chordata	Amphibia	Anura	Bombinatoridae	Bombina	Bombina_variegata	acaccgcccgtcaccctcttcaactaaa-a-ctgatatatccttaaaaca-taaaac-gagtac-aagaagaggtaagtcgtaacatggtaagtatac
EU531354.1	8348	nan	Chordata	Amphibia	Anura	Bombinatoridae	Bombina	Bombina_variegata	acaccgcccgtcaccctcttcaactaaa-a-ctgatatatccttaaaaca-taaaac-gagtac-aagaagaggtaagtcgtaacatggtaagtatac
EU531355.1	8348	nan	Chordata	Amphibia	Anura	Bombinatoridae	Bombina	Bombina_variegata	acaccgcccgtcaccctcttcaactaaa-a-ctgatatatccttaaaaca-taaaac-gagtac-aagaagaggtaagtcgtaacatggtaagtatac
JX893174.1	191472	nan	Chordata	Amphibia	Anura	Bombinatoridae	Bombina	Bombina_variegata	acaccgcccgtcaccctcttcaactaga-a-ctgatatatttctaaaaca-taaaac-gagtac-aagaagaggtaagtcgtaacatggtaagtatac
JX893175.1	191472	nan	Chordata	Amphibia	Anura	Bombinatoridae	Bombina	Bombina_variegata	acaccgcccgtcaccctcttcaactaga-a-ctgatatatttctaaaaca-taaaac-gagtac-aagaagaggtaagtcgtaacatggtaagtatac
JX893176.1	251232	nan	Chordata	Amphibia	Anura	Bombinatoridae	Bombina	Bombina_variegata	acaccgcccgtcaccctcttcaactaaa-a-ctgatatatccttaaaaca-taaaac-gagtac-aagaagaggtaagtcgtaacatggtaagtatac
JX893177.1	191472	nan	Chordata	Amphibia	Anura	Bombinatoridae	Bombina	Bombina_variegata	acaccgcccgtcaccctcttcaactaaa-a-ctgatatatccttaaaaca-taaaac-gagtac-aagaagaggtaagtcgtaacatggtaagtatac
JX893178.1	251232	nan	Chordata	Amphibia	Anura	Bombinatoridae	Bombina	Bombina_variegata	acaccgcccgtcaccctcttcaactaaa-a-ctgatatatccttaaaaca-taaaac-gagtac-aagaagaggtaagtcgtaacatggtaagtatac
NC_009258.1	8348	nan	Chordata	Amphibia	Anura	Bombinatoridae	Bombina	Bombina_variegata	acaccgcccgtcaccctcttcaactaga-a-ctgatatatttctaaaaca-taaaac-gagtac-aagaagaggtaagtcgtaacatggtaagtatac
OZ123739.1	8348	nan	Chordata	Amphibia	Anura	Bombinatoridae	Bombina	Bombina_variegata	acaccgcccgtcaccctcttcaactaga-a-ctgatatatttctaaaaca-taaaac-gagtac-aagaagaggtaagtcgtaacatggtaagtatac
AY325988.1	8384	nan	Chordata	Amphibia	Anura	Bufonidae	Bufo	Bufo_bufo	acaccgcccgtcaccctcttcaaagcta---ctaacctagtttctaacaa-actaaa-gcataa-cagaagaggcaagtcgtaacatggtaagtatac
DQ158438.1	8384	nan	Chordata	Amphibia	Anura	Bufonidae	Bufo	Bufo_bufo	acaccgcccgtcaccctcttcaaagcta---ttaacctagtttctaacaa-actaaa-gcataa-cagaagaggcaagtcgtaacatggtaagtatac
FJ882806.1	8384	nan	Chordata	Amphibia	Anura	Bufonidae	Bufo	Bufo_bufo	acaccgcccgtcaccctcttcaaagcta---ctaacctagtttctaacaa-actaaa-gcataa-cagaagaggcaagtcgtaacatggtaagtatac
LR991678.1	8384	nan	Chordata	Amphibia	Anura	Bufonidae	Bufo	Bufo_bufo	acaccgcccgtcaccctcttcaaagcta---ctaacctagtttctaacaa-actaaa-gcataa-cagaagaggcaagtcgtaacatggtaagtatac
MN122891.1	8384	nan	Chordata	Amphibia	Anura	Bufonidae	Bufo	Bufo_bufo	acaccgcccgtcaccctcttcaaagcta---ctaacctagtttctaacaa-actaaa-gcataa-cagaagaggcaagtcgtaacatggtaagtatac
FJ882841.1	655841	nan	Chordata	Amphibia	Anura	Bufonidae	Bufo	Bufo_spinosus	acaccgcccgtcaccctcttcaaagcta---ctaacctagtttataacaa-actaaa-gcataa-cagaagaggcaagtcgtaacatggtaagtacac
PP471677.1	655841	nan	Chordata	Amphibia	Anura	Bufonidae	Bufo	Bufo_spinosus	acaccgcccgtcaccctcttcaaagcta---ctaacctagtttataacaa-actaaa-gcataa-cagaagaggcaagtcgtaacatggtaagtacac
PP471678.1	655841	nan	Chordata	Amphibia	Anura	Bufonidae	Bufo	Bufo_spinosus	acaccgcccgtcaccctcttcaaagcta---ctaacctagtttataacaa-actaaa-gcataa-cagaagaggcaagtcgtaacatggtaagtacac
AY680267.1	30338	nan	Chordata	Amphibia	Anura	Bufonidae	Bufotes	Bufotes_viridis	acaccgcccgtcaccctcttcaaagcat----aaacaaagtttttaacaa-gtttga-gcataa-cagaagaggcaagtcgtaacatggtaagtatac
DQ283279.1	30338	nan	Chordata	Amphibia	Anura	Bufonidae	Bufotes	Bufotes_viridis	acaccgcccgtcaccctcttcaaagcat----taacatagtttttaacaa-gtttca-gcataa-cagaagaggcaagtcgtaacatggtaagtatac
FJ882813.1	30338	nan	Chordata	Amphibia	Anura	Bufonidae	Bufotes	Bufotes_viridis	acaccgcccgtcaccctcttcaaagcat----agacaaagtctttaacaa-gcttga-gcataa-cagaagaggcaagtcgtaacatggtaagtatac
U52727.1	30338	nan	Chordata	Amphibia	Anura	Bufonidae	Bufotes	Bufotes_viridis	acaccgcccgtcaccctcttcaaagcat----agacaaagtctttaacaa-gcttga-gcataa-cagaagaggcaagtcgtaacatggtaagtatac
CM050223.1	8351	nan	Chordata	Amphibia	Anura	Alytidae	Discoglossus	Discoglossus_pictus	acaccgcccgtcaccctcttcaacccgc-c-gtattcaagtatttaaata-attttg-gcaaaa-aagaagaggcaagtcgtaacatggtaagtatac
DQ283435.1	8351	nan	Chordata	Amphibia	Anura	Alytidae	Discoglossus	Discoglossus_pictus	acaccgcccgtcaccctcttcaacccgc-c-gtattcaagtatttaaata-attttg-gcaaaa-aagaagaggcaagtcgtaacatggtaagtatac
JQ626643.1	8351	nan	Chordata	Amphibia	Anura	Alytidae	Discoglossus	Discoglossus_pictus	acaccgcccgtcaccctcttcaacccgc-c-gtattcaaatatttaaata-attttg-gcaaaa-aagaagaggcaagtcgtaacatggtaagtatac
JQ626644.1	8351	nan	Chordata	Amphibia	Anura	Alytidae	Discoglossus	Discoglossus_pictus	acaccgcccgtcaccctcttcaacccgc-c-gtattcaagtatttaaata-attttg-gcaaaa-aagaagaggcaagtcgtaacatggtaagtatac
JQ626637.1	191474	nan	Chordata	Amphibia	Anura	Alytidae	Discoglossus	Discoglossus_sardus	acaccgcccgtcaccctcttcaactagc-c-gtatgaaaatatttaaata-atttag-gcaaca-aagaagaggcaagtcgtaacatggtaagtatac
JQ626638.1	191474	nan	Chordata	Amphibia	Anura	Alytidae	Discoglossus	Discoglossus_sardus	acaccgcccgtcaccctcttcaactagc-c-gtatgaaaatatttaaata-atttag-gcaaca-aagaagaggcaagtcgtaacatggtaagtatac
JQ626639.1	191474	nan	Chordata	Amphibia	Anura	Alytidae	Discoglossus	Discoglossus_sardus	acaccgcccgtcaccctcttcagctagc-c-gtatgaaaatatttaaata-atttag-gcaaca-aagaagaggcaagtcgtaacatggtaagtatac
JQ626640.1	191474	nan	Chordata	Amphibia	Anura	Alytidae	Discoglossus	Discoglossus_sardus	acaccgcccgtcaccctcttcaactagc-c-gtatgaaaatatttaaata-atttag-gcaaca-aagaagaggcaagtcgtaacatggtaagtatac
JQ626641.1	191474	nan	Chordata	Amphibia	Anura	Alytidae	Discoglossus	Discoglossus_sardus	acaccgcccgtcaccctcttcaactagc-c-gtatgaaaatatttaaata-atttag-gcaaca-aagaagaggcaagtcgtaacatggtaagtatac
JQ626642.1	191474	nan	Chordata	Amphibia	Anura	Alytidae	Discoglossus	Discoglossus_sardus	acaccgcccgtcaccctcttcagctagc-c-gtatgaaaatatttaaata-atttag-gcaaca-aagaagaggcaagtcgtaacatggtaagtatac
EU880317.1	30376	nan	Chordata	Amphibia	Caudata	Salamandridae	Euproctus	Euproctus_platycephalus	acaccgcccgtcaccctctttaaaccat----ataagcagtgtataaaca-aaaata-aaaaag-aagaagaggcaagtcgtaacatggtaagcttac
AY843601.1	121869	nan	Chordata	Amphibia	Anura	Hylidae	Hyla	Hyla_arborea	acaccgcccgtcaccctcttcaaagccc----ggtattagtaattaactt-aactta-gcaaat-cagaagaggcaagtcgtaacatggtaagcgtac
DQ055835.1	121869	nan	Chordata	Amphibia	Anura	Hylidae	Hyla	Hyla_arborea	acaccgcccgtcaccctcttcaaagccc----ggtattagtaattaactt-aactta-gcaaat-cagaagaggcaagtcgtaacatggtaagcgtac
MN122932.1	121869	nan	Chordata	Amphibia	Anura	Hylidae	Hyla	Hyla_arborea	acaccgcccgtcaccctcttcaaagccc----ggtattagtaattaactt-aactta-gcaaat-cagaagaggcaagtcgtaacatggtaagcgtac
AY819370.1	272192	nan	Chordata	Amphibia	Anura	Hylidae	Hyla	Hyla_meridionalis	acaccgcccgtcaccctcttcaaagcct---aaacatcagtaattaactc-aaacta-gcacac-cagaagaggcaagtcgtaacatggtaagcgtac
EF566953.1	272192	nan	Chordata	Amphibia	Anura	Hylidae	Hyla	Hyla_meridionalis	acaccgcccgtcaccctcttcaaagcct---aaacatcagtaattaactc-aaacta-gcacac-cagaagaggcaagtcgtaacatggtaagcgtac
FJ882756.1	272192	nan	Chordata	Amphibia	Anura	Hylidae	Hyla	Hyla_meridionalis	acaccgcccgtcaccctcttcaaagcct---aaacatcagtaattaactc-aaacta-gcacac-cagaagaggcaagtcgtaacatggtaagcgtac
CM056048.1	327740	nan	Chordata	Amphibia	Anura	Hylidae	Hyla	Hyla_sarda	acaccgcccgtcaccctcttcaaagccc----aatatcagtaattaacta-aaatca-gcaaat-cagaagaggcaagtcgtaacatggtaagcgtac
EU880335.1	54263	nan	Chordata	Amphibia	Caudata	Salamandridae	Ichthyosaura	Ichthyosaura_alpestris	acaccgcccgtcaccctcttcagatggt-g-aggaaaaaataaataaaca-aaacta-ccaaaa-aagaagaggtaagtcgtaacatggtaagcttac
EU880339.1	8324	nan	Chordata	Amphibia	Caudata	Salamandridae	Lissotriton	Lissotriton_vulgaris	acaccgcccgtcaccctcttcaaacacc-a-taagaacaataaataaacc-aaaata--aaaag-aagaagaggcaagtcgtaacatggtaagcctac
MN122878.1	8324	nan	Chordata	Amphibia	Caudata	Salamandridae	Lissotriton	Lissotriton_vulgaris	acaccgcccgtcaccctcttcaaatacc-a-taagaacaataaataaacc-aaaata--aaaag-aagaagaggcaagtcgtaacatggtaagcctac
OZ463998.1	8324	nan	Chordata	Amphibia	Caudata	Salamandridae	Lissotriton	Lissotriton_vulgaris	acaccgcccgtcaccctcttcaaatacc-a-taagaacaataaataaacc-aaaata--aaaag-aagaagaggcaagtcgtaacatggtaagcctac
CM069895.1	191477	nan	Chordata	Amphibia	Anura	Pelobatidae	Pelobates	Pelobates_fuscus	acaccgcccgtcgccctcctcaatttaa-a-tttcaatttaaataaaacc-ccaaac-aaacct-aagaggaggtaagtcgtaacatggtaagtatac
DQ283113.1	191477	nan	Chordata	Amphibia	Anura	Pelobatidae	Pelobates	Pelobates_fuscus	acaccgcccgtcgccctcctcaatttaa---tttcaatttaaataaaacc-ccaaac-aaacct-aagaggaggtaagtcgtaacatggtaagtatac
MT410942.1	191477	nan	Chordata	Amphibia	Anura	Pelobatidae	Pelobates	Pelobates_fuscus	acaccgcccgtcgccctcctcaatttaa-a-tttcaatttaaataaaacc-ccaaac-aaacct-aagaggaggtaagtcgtaacatggtaagtatac
NC_051953.1	191477	nan	Chordata	Amphibia	Anura	Pelobatidae	Pelobates	Pelobates_fuscus	acaccgcccgtcgccctcctcaatttaa-a-tttcaatttaaataaaacc-ccaaac-aaacct-aagaggaggtaagtcgtaacatggtaagtatac
AB530454.1	43542	nan	Chordata	Amphibia	Anura	Pelodytidae	Pelodytes	Pelodytes_punctatus	acaccgcccgtcgccctcctcaataact---aattaataatctttaataacaaacct-aagaat-cagaggaggtaagtcgtaacatggtaagtatac
DQ283111.1	43542	nan	Chordata	Amphibia	Anura	Pelodytidae	Pelodytes	Pelodytes_punctatus	acaccgcccgtcgccctcctcaataact---aattaataatctttaataacaaacct-aagaat-cagaggaggtaagtcgtaacatggtaagtatac
PP471690.1	43542	nan	Chordata	Amphibia	Anura	Pelodytidae	Pelodytes	Pelodytes_punctatus	acaccgcccgtcgccctcctcaataact---aattaataatttttaataacaaacct-aagaat-cagaggaggtaagtcgtaacatggtaagtatac
PP471691.1	43542	nan	Chordata	Amphibia	Anura	Pelodytidae	Pelodytes	Pelodytes_punctatus	acaccgcccgtcgccctcctcaataact---aattaataatttttaataacaaacct-aagaat-cagaggaggtaagtcgtaacatggtaagtatac
PP471692.1	43542	nan	Chordata	Amphibia	Anura	Pelodytidae	Pelodytes	Pelodytes_punctatus	acaccgcccgtcgccctcctcaataact---aattaataatttttaataacaaacct-aagaat-cagaggaggtaagtcgtaacatggtaagtatac
AB640901.1	69489	nan	Chordata	Amphibia	Anura	Ranidae	Pelophylax	Pelophylax_bedriagae	acaccgcccgtcaccctcttcgatatcacc-ccactcagatctttaaccc-atcatc-tactta-tagaagaggtaagtcgtaacatggtaagtgtac
AB640902.1	69489	nan	Chordata	Amphibia	Anura	Ranidae	Pelophylax	Pelophylax_bedriagae	acaccgcccgtcaccctcttcgatattacc-ccactcagatctttaaccc-atcatc-tactta-tagaagaggtaagtcgtaacatggtaagtgtac
AB640903.1	69489	nan	Chordata	Amphibia	Anura	Ranidae	Pelophylax	Pelophylax_bedriagae	acaccgcccgtcaccctcttcgatattacc-ccactcagatctttaaccc-atcatc-tactta-tagaagaggtaagtcgtaacatggtaagtgtac
AB640904.1	69489	nan	Chordata	Amphibia	Anura	Ranidae	Pelophylax	Pelophylax_bedriagae	acaccgcccgtcaccctcttcgatattacc-ccactcagatctttaaccc-atcatc-tactta-tagaagaggtaagtcgtaacatggtaagtgtac
AB640905.1	69489	nan	Chordata	Amphibia	Anura	Ranidae	Pelophylax	Pelophylax_bedriagae	acaccgcccgtcaccctcttcgatattacc-ccactcagatctttaaccc-atcatc-tactta-tagaagaggtaagtcgtaacatggtaagtgtac
AB640906.1	69489	nan	Chordata	Amphibia	Anura	Ranidae	Pelophylax	Pelophylax_bedriagae	acaccgcccgtcaccctcttcgatattacc-ccactcagatctttaaccc-atcatc-tactta-tagaagaggtaagtcgtaacatggtaagtgtac
AB640907.1	69489	nan	Chordata	Amphibia	Anura	Ranidae	Pelophylax	Pelophylax_bedriagae	acaccgcccgtcaccctcttcgatattacc-ccactcagatctttaaccc-atcatc-tactta-tagaagaggtaagtcgtaacatggtaagtgtac
AB640908.1	69489	nan	Chordata	Amphibia	Anura	Ranidae	Pelophylax	Pelophylax_bedriagae	acaccgcccgtcaccctcttcgatattacc-ccactcagatctttaaccc-atcatc-tactta-tagaagaggtaagtcgtaacatggtaagtgtac
AB640909.1	69489	nan	Chordata	Amphibia	Anura	Ranidae	Pelophylax	Pelophylax_bedriagae	acaccgcccgtcaccctcttcgatattacc-ccactcagatctttaaccc-atcatc-tactta-tagaagaggtaagtcgtaacatggtaagtgtac
AB640910.1	69489	nan	Chordata	Amphibia	Anura	Ranidae	Pelophylax	Pelophylax_bedriagae	acaccgcccgtcaccctcttcgatattacc-ccacttagatctttaaccc-atcatc-tactta-tagaagaggtaagtcgtaacatggtaagtgtac
AB640911.1	69489	nan	Chordata	Amphibia	Anura	Ranidae	Pelophylax	Pelophylax_bedriagae	acaccgcccgtcaccctcttcgatattacc-ccactcagatctttaaccc-atcatc-tactta-tagaagaggtaagtcgtaacatggtaagtgtac
AB640915.1	69489	nan	Chordata	Amphibia	Anura	Ranidae	Pelophylax	Pelophylax_bedriagae	acaccgcccgtcaccctcttcgatattacc-ccactcagatctttaaccc-atcatc-tactta-tagaagaggtaagtcgtaacatggtaagtgtac
AB640916.1	69489	nan	Chordata	Amphibia	Anura	Ranidae	Pelophylax	Pelophylax_bedriagae	acaccgcccgtcaccctcttcgatattacc-ccactcagatctttaaccc-atcatc-tactta-tagaagaggtaagtcgtaacatggtaagtgtac
AB640917.1	69489	nan	Chordata	Amphibia	Anura	Ranidae	Pelophylax	Pelophylax_bedriagae	acaccgcccgtcaccctcttcgatattacc-ccactcagatctttaaccc-atcatc-tactta-tagaagaggtaagtcgtaacatggtaagtgtac
AB640918.1	69489	nan	Chordata	Amphibia	Anura	Ranidae	Pelophylax	Pelophylax_bedriagae	acaccgcccgtcaccctcttcgatattacc-ccactcagatctttaaccc-atcatc-tactta-tagaagaggtaagtcgtaacatggtaagtgtac
AB640919.1	69489	nan	Chordata	Amphibia	Anura	Ranidae	Pelophylax	Pelophylax_bedriagae	acaccgcccgtcaccctcttcgatattacc-ccactcagatctttaaccc-atcatc-tactta-tagaagaggtaagtcgtaacatggtaagtgtac
AB640920.1	69489	nan	Chordata	Amphibia	Anura	Ranidae	Pelophylax	Pelophylax_bedriagae	acaccgcccgtcaccctcttcgatattacc-ccactcagatctttaaccc-atcatc-tactta-tagaagaggtaagtcgtaacatggtaagtgtac
AB640921.1	69489	nan	Chordata	Amphibia	Anura	Ranidae	Pelophylax	Pelophylax_bedriagae	acaccgcccgtcaccctcttcgatattacc-ccactcagatctttaaccc-atcatc-tactta-tagaagaggtaagtcgtaacatggtaagtgtac
AB640922.1	69489	nan	Chordata	Amphibia	Anura	Ranidae	Pelophylax	Pelophylax_bedriagae	acaccgcccgtcaccctcttcgatattacc-ccactcagatctttaaccc-atcatc-tactta-tagaagaggtaagtcgtaacatggtaagtgtac
AB640923.1	69489	nan	Chordata	Amphibia	Anura	Ranidae	Pelophylax	Pelophylax_bedriagae	acaccgcccgtcaccctcttcgatattacc-ccactcagatctttaaccc-atcatc-tactta-tagaagaggtaagtcgtaacatggtaagtgtac
AB640924.1	69489	nan	Chordata	Amphibia	Anura	Ranidae	Pelophylax	Pelophylax_bedriagae	acaccgcccgtcaccctcttcgatattacc-ccactcagatctttaaccc-atcatc-tactta-tagaagaggtaagtcgtaacatggtaagtgtac
AB640925.1	69489	nan	Chordata	Amphibia	Anura	Ranidae	Pelophylax	Pelophylax_bedriagae	acaccgcccgtcaccctcttcgatattacc-ccactcagatctttaaccc-atcatc-tactta-tagaagaggtaagtcgtaacatggtaagtgtac
AB640926.1	69489	nan	Chordata	Amphibia	Anura	Ranidae	Pelophylax	Pelophylax_bedriagae	acaccgcccgtcaccctcttcgatattacc-ccactcagatctttaaccc-atcatc-tactta-tagaagaggtaagtcgtaacatggtaagtgtac
AB640927.1	69489	nan	Chordata	Amphibia	Anura	Ranidae	Pelophylax	Pelophylax_bedriagae	acaccgcccgtcaccctcttcgatattacc-ccactcagatctttaaccc-atcatc-tactta-tagaagaggtaagtcgtaacatggtaagtgtac
AB640928.1	69489	nan	Chordata	Amphibia	Anura	Ranidae	Pelophylax	Pelophylax_bedriagae	acaccgcccgtcaccctcttcgatattacc-ccactcagatctttaaccc-atcatc-tactta-tagaagaggtaagtcgtaacatggtaagtgtac
AB640929.1	69489	nan	Chordata	Amphibia	Anura	Ranidae	Pelophylax	Pelophylax_bedriagae	acaccgcccgtcaccctcttcgatattacc-ccactcagatctttaaccc-atcatc-tactta-tagaagaggtaagtcgtaacatggtaagtgtac
AB640930.1	69489	nan	Chordata	Amphibia	Anura	Ranidae	Pelophylax	Pelophylax_bedriagae	acaccgcccgtcaccctcttcgatattacc-ccactcagatctttaaccc-atcatc-tactta-tagaagaggtaagtcgtaacatggtaagtgtac
AB640931.1	69489	nan	Chordata	Amphibia	Anura	Ranidae	Pelophylax	Pelophylax_bedriagae	acaccgcccgtcaccctcttcgatattacc-ccactcagatctttaaccc-atcatc-tactta-tagaagaggtaagtcgtaacatggtaagtgtac
KP260932.1	69489	nan	Chordata	Amphibia	Anura	Ranidae	Pelophylax	Pelophylax_bedriagae	acaccgcccgtcaccctcttcgatattacc-ccacccagatcattaacct-attatt-tacttt-tagaagaggtaagtcgtaacatggtaagtgtac
NC_029200.1	69489	nan	Chordata	Amphibia	Anura	Ranidae	Pelophylax	Pelophylax_bedriagae	acaccgcccgtcaccctcttcgatattacc-ccacccagatcattaacct-attatt-tacttt-tagaagaggtaagtcgtaacatggtaagtgtac
OQ508898.1	69490	nan	Chordata	Amphibia	Anura	Ranidae	Pelophylax	Pelophylax_bergeri	acaccgcccgtcaccctcttcgatatgacc-tcactcagatctctaaccc-attatt-tatttt-tagaagaggcaagtcgtaacatggtaagtgtac
KP814011.1	73493	nan	Chordata	Amphibia	Anura	Ranidae	Pelophylax	Pelophylax_kurtmuelleri	acaccgcccgtcaccctcttcgatattcct-caatccagatctttaaccc-attatt-tacttt-tagaagaggtaagtcgtaacatggtaagtgtac
MT410949.1	73493	nan	Chordata	Amphibia	Anura	Ranidae	Pelophylax	Pelophylax_kurtmuelleri	acaccgcccgtcaccctcttcgatattcct-cgatccagatctttaaccc-attatt-tacttt-tagaagaggtaagtcgtaacatggtaagtgtac
NC_026895.1	73493	nan	Chordata	Amphibia	Anura	Ranidae	Pelophylax	Pelophylax_kurtmuelleri	acaccgcccgtcaccctcttcgatattcct-caatccagatctttaaccc-attatt-tacttt-tagaagaggtaagtcgtaacatggtaagtgtac
AY322321.1	45623	nan	Chordata	Amphibia	Anura	Ranidae	Pelophylax	Pelophylax_lessonae	acaccgcccgtcaccctcttcgatatgacc-tcacttagatctctaaccc-attatt-tatttt-tagaagaggcaagtcgtaacatggtaagtgtac
JN627422.1	45623	nan	Chordata	Amphibia	Anura	Ranidae	Pelophylax	Pelophylax_lessonae	acaccgcccgtcaccctcttcgatatgacc-tcacttagatctctaaccc-attatt-tatttt-tagaagaggcaagtcgtaacatggtaagtgtac
JN627424.1	45623	nan	Chordata	Amphibia	Anura	Ranidae	Pelophylax	Pelophylax_lessonae	acaccgcccgtcaccctcttcgatatgacc-tcacttagatctctaaccc-attatt-tatttt-tagaagaggcaagtcgtaacatggtaagtgtac
JN627426.1	45623	nan	Chordata	Amphibia	Anura	Ranidae	Pelophylax	Pelophylax_lessonae	acaccgcccgtcaccctcttcgatatgacc-tcacttagatctctaaccc-attatt-tatttt-tagaagaggcaagtcgtaacatggtaagtgtac
MN122883.1	45623	nan	Chordata	Amphibia	Anura	Ranidae	Pelophylax	Pelophylax_lessonae	acaccgcccgtcaccctcttcgatatgacc-tcacttagatctctaaccc-attatt-tatttt-tagaagaggcaagtcgtaacatggtaagtgtac
MN122930.1	45623	nan	Chordata	Amphibia	Anura	Ranidae	Pelophylax	Pelophylax_lessonae	acaccgcccgtcaccctcttcgatatgacc-tcacttagatctctaaccc-attatt-tatttt-tagaagaggcaagtcgtaacatggtaagtgtac
NW_028120143.1	45623	nan	Chordata	Amphibia	Anura	Ranidae	Pelophylax	Pelophylax_lessonae	acaccgcccgtcaccctcttcgatatgacc-tcactcagatctctaaccc-attatt-tatttt-tagaagaggcaagtcgtaacatggtaagtgtac
OZ221988.1	45623	nan	Chordata	Amphibia	Anura	Ranidae	Pelophylax	Pelophylax_lessonae	acaccgcccgtcaccctcttcgatatgacc-tcactcagatctctaaccc-attatt-tatttt-tagaagaggcaagtcgtaacatggtaagtgtac
AB640897.1	8406	nan	Chordata	Amphibia	Anura	Ranidae	Pelophylax	Pelophylax_ridibundus	acaccgcccgtcaccctcttcgatattcct-tgatccagatctttaaccc-attatt-tacttt-tagaagaggtaagtcgtaacatggtaagtgtac
JN627421.1	8406	nan	Chordata	Amphibia	Anura	Ranidae	Pelophylax	Pelophylax_ridibundus	acaccgcccgtcaccctcttcgatattcct-tgatccagatctttaaccc-attatt-tacttt-tagaagaggtaagtcgtaacatggtaagtgtac
JN627423.1	8406	nan	Chordata	Amphibia	Anura	Ranidae	Pelophylax	Pelophylax_ridibundus	acaccgcccgtcaccctcttcgatattcct-tgatccagatctttaaccc-attatt-tacttt-tagaagaggtaagtcgtaacatggtaagtgtac
JN627425.1	8406	nan	Chordata	Amphibia	Anura	Ranidae	Pelophylax	Pelophylax_ridibundus	acaccgcccgtcaccctcttcgatatgacc-tcacttagatctctaaccc-attatt-tatttt-tagaagaggcaagtcgtaacatggtaagtgtac
GQ368659.1	221568	nan	Chordata	Amphibia	Caudata	Proteidae	Proteus	Proteus_anguinus	acaccgcccgtcaccctcttcataccca-t-aaaaaatattatataaaca-ctaata-ctaaac-aagaagaggtaagtcgtaacatggtaagcttac
KY523150.1	221568	nan	Chordata	Amphibia	Caudata	Proteidae	Proteus	Proteus_anguinus	acaccgcccgtcaccctcttcataccccca-aaaaaatattatataaaca-ctaata-ctaaac-aagaagaggtaagtcgtaacatggtaagcttac
KY523151.1	221568	nan	Chordata	Amphibia	Caudata	Proteidae	Proteus	Proteus_anguinus	acaccgcccgtcaccctcttcatacccc-a-aaaaaatattatataaaca-ctaata-ctaaac-aagaagaggtaagtcgtaacatggtaagcttac
KY523152.1	221568	nan	Chordata	Amphibia	Caudata	Proteidae	Proteus	Proteus_anguinus	acaccgcccgtcaccctcttcatacccc-a-aaaaaatattatataaaca-ctaata-ctaaac-aagaagaggtaagtcgtaacatggtaagcctac
KY523153.1	221568	nan	Chordata	Amphibia	Caudata	Proteidae	Proteus	Proteus_anguinus	acaccgcccgtcaccctcttcataccccca-aaaaaatattatataaaca-ctaata-ctaaac-aagaagaggtaagtcgtaacatggtaagcttac
KY523154.1	221568	nan	Chordata	Amphibia	Caudata	Proteidae	Proteus	Proteus_anguinus	acaccgcccgtcaccctcttcataccccca-aaaaaatattatataaaca-ctaata-ctaaac-aagaagaggtaagtcgtaacatggtaagcttac
KY523155.1	221568	nan	Chordata	Amphibia	Caudata	Proteidae	Proteus	Proteus_anguinus	acaccgcccgtcaccctcttcatacccc-a-aaaaaatattatataaaca-ctaata-ctaaac-aagaagaggtaagtcgtaacatggtaagcttac
KY523156.1	221568	nan	Chordata	Amphibia	Caudata	Proteidae	Proteus	Proteus_anguinus	acaccgcccgtcaccctcttcatacccc---aaaaaatattatataaaca-ccaata-ctaaac-aagaagaggtaagtcgtaacatggtaagcttac
KY523157.1	221568	nan	Chordata	Amphibia	Caudata	Proteidae	Proteus	Proteus_anguinus	acaccgcccgtcaccctcttcatatcac-t-aaaaaatattatataaaca-ctaata-ctaaac-aagaagaggtaagtcgtaacatggtaagcttac
KY523158.1	221568	nan	Chordata	Amphibia	Caudata	Proteidae	Proteus	Proteus_anguinus	acaccgcccgtcaccctcttcatacaca-t-aaaaaatattatataaaca-ctaata-ctaaac-aagaagaggtaagtcgtaacatggtaagcttac
KY523159.1	221568	nan	Chordata	Amphibia	Caudata	Proteidae	Proteus	Proteus_anguinus	acaccgcccgtcaccctcttcatacaca-t-aaaaaatattatataaaca-ctaata-ctaaac-aagaagaggtaagtcgtaacatggtaagcttac
KY523160.1	221568	nan	Chordata	Amphibia	Caudata	Proteidae	Proteus	Proteus_anguinus	acaccgcccgtcaccctcttcatacacata-aaaaaatattatataaaca-ctaata-ctaaac-aagaagaggtaagtcgtaacatggtaagcttac
KY523161.1	221568	nan	Chordata	Amphibia	Caudata	Proteidae	Proteus	Proteus_anguinus	acaccgcccgtcaccctcttcataccca-t-aaaaaatattatataaaca-ctaata-ctaaac-aagaagaggtaagtcgtaacatggtaagcttac
KY523162.1	221568	nan	Chordata	Amphibia	Caudata	Proteidae	Proteus	Proteus_anguinus	acaccgcccgtcaccctcttcataccca-t-aaaaaatattatataaaca-ctaata-ctaaac-aagaagaggtaagtcgtaacatggtaagcttac
KY523163.1	221568	nan	Chordata	Amphibia	Caudata	Proteidae	Proteus	Proteus_anguinus	acaccgcccgtcaccctcttcataccca-t-aaaaaatattatataaaca-ctaata-ctaaac-aagaagaggtaagtcgtaacatggtaagcttac
KY523164.1	221568	nan	Chordata	Amphibia	Caudata	Proteidae	Proteus	Proteus_anguinus	acaccgcccgtcaccctcttcataccca-t-aaaaaatattatataaaca-ctaata-ctaaac-aagaagaggtaagtcgtaacatggtaagcttac
KY523165.1	221568	nan	Chordata	Amphibia	Caudata	Proteidae	Proteus	Proteus_anguinus	acaccgcccgtcaccctcttcaaaccat-a-aaaaattattacataaaca-ctaata-ctaaac-aagaagaggtaagtcgtaacatggtaagcttac
KY523166.1	221568	nan	Chordata	Amphibia	Caudata	Proteidae	Proteus	Proteus_anguinus	acaccgcccgtcaccctcttcaaaccat-a-aaaaattattacataaaca-ctaata-ctaaac-aagaagaggtaagtcgtaacatggtaagcttac
KY523167.1	221568	nan	Chordata	Amphibia	Caudata	Proteidae	Proteus	Proteus_anguinus	acaccgcccgtcaccctcttcaaaccat-a-aaaaattattacataaaca-ctaata-ctaaac-aagaagaggtaagtcgtaacatggtaagcttac
KY523168.1	221568	nan	Chordata	Amphibia	Caudata	Proteidae	Proteus	Proteus_anguinus	acaccgcccgtcaccctcttcaaaccat---aaaaattattacataaaca-ctaata-ctaaac-aagaagaggtaagtcgtaacatggtaagcttac
KY523169.1	221568	nan	Chordata	Amphibia	Caudata	Proteidae	Proteus	Proteus_anguinus	acaccgcccgtcaccctcttcaaaccataa-aaaaattattacataaaca-ctaata-ctaaac-aagaagaggtaagtcgtaacatggtaagcttac
KY523170.1	221568	nan	Chordata	Amphibia	Caudata	Proteidae	Proteus	Proteus_anguinus	acaccgcccgtcaccctcttcgtaccat-a-aaaaaatattacctaaaca-ctaata-ctaaac-aagaagaggtaagtcgtaacatggtaagcctac
KY523171.1	221568	nan	Chordata	Amphibia	Caudata	Proteidae	Proteus	Proteus_anguinus	acaccgcccgtcaccctcttcgtaccat-a-aaaaaatattacctaaaca-ctaatatctaaac-aagaagaggtaagtcgtaacatggtaagcctac
KY523172.1	221568	nan	Chordata	Amphibia	Caudata	Proteidae	Proteus	Proteus_anguinus	acaccgcccgtcaccctcttcgtaccat---aaaaaatattatataaaca-ctgata-ctaaac-aagaagaggtaagtcgtaacatggtaagcctac
KY523173.1	221568	nan	Chordata	Amphibia	Caudata	Proteidae	Proteus	Proteus_anguinus	acaccgcccgtcaccctcttcgtaccat---aaaaaatattatataaaca-ctgata-ctaaac-aagaagaggtaagtcgtaacatggtaagcctac
KY523174.1	221568	nan	Chordata	Amphibia	Caudata	Proteidae	Proteus	Proteus_anguinus	acaccgcccgtcaccctcttcgtaccat---aaaaaatattatctaaaca-cttata-ctaaac-aagaagaggtaagtcgtaacatggtaagcctac
KY523175.1	221568	nan	Chordata	Amphibia	Caudata	Proteidae	Proteus	Proteus_anguinus	acaccgcccgtcaccctcttcgtaccat---aaaaaatattatataaaca-cttata-ctaaac-aagaagaggtaagtcgtaacatggtaagcctac
KY523176.1	221568	nan	Chordata	Amphibia	Caudata	Proteidae	Proteus	Proteus_anguinus	acaccgcccgtcaccctcttcgtaccat---aaaaaatattatataaaca-ctgata-ctaagc-aagaagaggtaagtcgtaacatggtaagcctac
KY523177.1	221568	nan	Chordata	Amphibia	Caudata	Proteidae	Proteus	Proteus_anguinus	acaccgcccgtcaccctcttcaaccccc-c-ccccccaaatatataaaca-ctaata-ctaaac-aagaagaggtaagtcgtaacatggtaagcctac
NC_023342.1	221568	nan	Chordata	Amphibia	Caudata	Proteidae	Proteus	Proteus_anguinus	acaccgcccgtcaccctcttcataccca-t-aaaaaatattatataaaca-ctaata-ctaaac-aagaagaggtaagtcgtaacatggtaagcttac
OQ319272.1	221568	nan	Chordata	Amphibia	Caudata	Proteidae	Proteus	Proteus_anguinus	acaccgcccgtcaccctcttcaaccccc-c-ccccccaaatatataaaca-ctaata-ctaaac-aagaagaggtaagtcgtaacatggtaagcctac
OQ319273.1	221568	nan	Chordata	Amphibia	Caudata	Proteidae	Proteus	Proteus_anguinus	acaccgcccgtcaccctcttcaaccccc-c-ccccccaaatatataaaca-ctaata-ctaaac-aagaagaggtaagtcgtaacatggtaagcctac
OQ319274.1	221568	nan	Chordata	Amphibia	Caudata	Proteidae	Proteus	Proteus_anguinus	acaccgcccgtcaccctcttcaaccccc-c-ccccccaaatatataaaca-ctaata-ctaaac-aagaagaggtaagtcgtaacatggtaagcctac
OQ319275.1	221568	nan	Chordata	Amphibia	Caudata	Proteidae	Proteus	Proteus_anguinus	acaccgcccgtcaccctcttcaaccccccc-ccccccaaatatataaaca-ctaata-ctaaac-aagaagaggtaagtcgtaacatggtaagcctac
OQ319276.1	221568	nan	Chordata	Amphibia	Caudata	Proteidae	Proteus	Proteus_anguinus	acaccgcccgtcaccctcttcgtaccat-a-aaaaaatattacctaaaca-ctaata-ctaaac-aagaagaggtaagtcgtaacatggtaagcctac
OQ319277.1	221568	nan	Chordata	Amphibia	Caudata	Proteidae	Proteus	Proteus_anguinus	acaccgcccgtcaccctcttcgtaccat-a-aaaaaatattacctaaaca-ctaata-ctaaac-aagaagaggtaagtcgtaacatggtaagcctac
OQ319278.1	221568	nan	Chordata	Amphibia	Caudata	Proteidae	Proteus	Proteus_anguinus	acaccgcccgtcaccctcttcgtaccat-a-aaaaaatattacctaaaca-ctaata-ctaaac-aagaagaggtaagtcgtaacatggtaagcctac
OQ319279.1	221568	nan	Chordata	Amphibia	Caudata	Proteidae	Proteus	Proteus_anguinus	acaccgcccgtcaccctcttcgtaccat-a-aaaaaatattacctaaaca-ctaata-ctaaac-aagaagaggtaagtcgtaacatggtaagcctac
OQ319280.1	221568	nan	Chordata	Amphibia	Caudata	Proteidae	Proteus	Proteus_anguinus	acaccgcccgtcaccctcttcatacacata-aaaaaatattatataaaca-ctaata-ctaaac-aagaagaggtaagtcgtaacatggtaagcttac
OQ319281.1	221568	nan	Chordata	Amphibia	Caudata	Proteidae	Proteus	Proteus_anguinus	acaccgcccgtcaccctcttcatacaca-t-aaaaaatattatataaaca-ctaata-ctaaac-aagaagaggtaagtcgtaacatggtaagcttac
OQ319282.1	221568	nan	Chordata	Amphibia	Caudata	Proteidae	Proteus	Proteus_anguinus	acaccgcccgtcaccctcttcatacaca-t-aaaaaatattatataaaca-ctaata-ctaaac-aagaagaggtaagtcgtaacatggtaagcttac
OQ319283.1	221568	nan	Chordata	Amphibia	Caudata	Proteidae	Proteus	Proteus_anguinus	acaccgcccgtcaccctcttcatacaca-t-aaaaaatattatataaaca-ctaata-ctaaac-aagaagaggtaagtcgtaacatggtaagcttac
OQ319284.1	221568	nan	Chordata	Amphibia	Caudata	Proteidae	Proteus	Proteus_anguinus	acaccgcccgtcaccctcttcatacaca-t-aaaaaatattatataaaca-ctaata-ctaaac-aagaagaggtaagtcgtaacatggtaagcttac
OQ319285.1	221568	nan	Chordata	Amphibia	Caudata	Proteidae	Proteus	Proteus_anguinus	acaccgcccgtcaccctcttcatacaca-t-aaaaaatattatataaaca-ctaata-ctaaac-aagaagaggtaagtcgtaacatggtaagcttac
OQ319286.1	221568	nan	Chordata	Amphibia	Caudata	Proteidae	Proteus	Proteus_anguinus	acaccgcccgtcaccctcttcatacacata-aaaaaatattatataaaca-ctaata-ctaaac-aagaagaggtaagtcgtaacatggtaagcttac
OQ319287.1	221568	nan	Chordata	Amphibia	Caudata	Proteidae	Proteus	Proteus_anguinus	acaccgcccgtcaccctcttcaaaccat-a-aaaaattattacataaaca-ctaata-ctaaac-aagaagaggtaagtcgtaacatggtaagcttac
OQ319288.1	221568	nan	Chordata	Amphibia	Caudata	Proteidae	Proteus	Proteus_anguinus	acaccgcccgtcaccctcttcaaaccat-a-aaaaattattacataaaca-ctaata-ctaaac-aagaagaggtaagtcgtaacatggtaagcttac
OQ319289.1	221568	nan	Chordata	Amphibia	Caudata	Proteidae	Proteus	Proteus_anguinus	acaccgcccgtcaccctcttcaaaccat-a-aaaaattattacataaaca-ctaata-ctaaac-aagaagaggtaagtcgtaacatggtaagcttac
OQ319290.1	221568	nan	Chordata	Amphibia	Caudata	Proteidae	Proteus	Proteus_anguinus	acaccgcccgtcaccctcttcaaaccat---aaaaattattacataaaca-ctaata-ctaaac-aagaagaggtaagtcgtaacatggtaagcttac
OQ319291.1	221568	nan	Chordata	Amphibia	Caudata	Proteidae	Proteus	Proteus_anguinus	acaccgcccgtcaccctcttcgtaccat---aaaaaatattatataaaca-ctgata-ctaaac-aagaagaggtaagtcgtaacatggtaagcctac
OQ319292.1	221568	nan	Chordata	Amphibia	Caudata	Proteidae	Proteus	Proteus_anguinus	acaccgcccgtcaccctcttcgtaccat---aaaaaatattatataaaca-ctgata-ctaaac-aagaagaggtaagtcgtaacatggtaagcctac
OQ319293.1	221568	nan	Chordata	Amphibia	Caudata	Proteidae	Proteus	Proteus_anguinus	acaccgcccgtcaccctcttcgtaccat---aaaaaatattatctaaaca-cttata-ctaaac-aagaagaggtaagtcgtaacatggtaagcctac
OQ319294.1	221568	nan	Chordata	Amphibia	Caudata	Proteidae	Proteus	Proteus_anguinus	acaccgcccgtcaccctcttcgtaccat---aaaaaatattatctaaaca-cttata-ctaaac-aagaagaggtaagtcgtaacatggtaagcctac
OQ319295.1	221568	nan	Chordata	Amphibia	Caudata	Proteidae	Proteus	Proteus_anguinus	acaccgcccgtcaccctcttcgtaccat---aaaaaatattatctaaaca-cttata-ctaaac-aagaagaggtaagtcgtaacatggtaagcctac
OQ319296.1	221568	nan	Chordata	Amphibia	Caudata	Proteidae	Proteus	Proteus_anguinus	acaccgcccgtcaccctcttcgtaccat---aaaaaatattatctaaaca-cttata-ctaaac-aagaagaggtaagtcgtaacatggtaagcctac
OQ319297.1	221568	nan	Chordata	Amphibia	Caudata	Proteidae	Proteus	Proteus_anguinus	acaccgcccgtcaccctcttcgtaccat---aaaaaatattatctaaaca-cttata-ctaaac-aagaagaggtaagtcgtaacatggtaagcctac
OQ319298.1	221568	nan	Chordata	Amphibia	Caudata	Proteidae	Proteus	Proteus_anguinus	acaccgcccgtcaccctcttcgtaccat---aaaaaatattatctaaaca-cttata-ctaaac-aagaagaggtaagtcgtaacatggtaagcctac
OQ319299.1	221568	nan	Chordata	Amphibia	Caudata	Proteidae	Proteus	Proteus_anguinus	acaccgcccgtcaccctcttcgtaccat---aaaaaatattatctaaaca-cttata-ctaaac-aagaagaggtaagtcgtaacatggtaagcctac
OQ319300.1	221568	nan	Chordata	Amphibia	Caudata	Proteidae	Proteus	Proteus_anguinus	acaccgcccgtcaccctcttcgtaccat---aaaaaatattatctaaaca-cttata-ctaaac-aagaagaggtaagtcgtaacatggtaagcctac
OQ319301.1	221568	nan	Chordata	Amphibia	Caudata	Proteidae	Proteus	Proteus_anguinus	acaccgcccgtcaccctcttcatacccc---aaaaaatattatataaaca-ccaata-ctaaac-aagaagaggtaagtcgtaacatggtaagcttac
OQ319302.1	221568	nan	Chordata	Amphibia	Caudata	Proteidae	Proteus	Proteus_anguinus	acaccgcccgtcaccctcttcatacccc---aaaaaatattatataaaca-ccaata-ctaaac-aagaagaggtaagtcgtaacatggtaagcttac
OQ319303.1	221568	nan	Chordata	Amphibia	Caudata	Proteidae	Proteus	Proteus_anguinus	acaccgcccgtcaccctcttcatacccc---aaaaaatattatataaaca-ccaata-ctaaac-aagaagaggtaagtcgtaacatggtaagcttac
OQ319304.1	221568	nan	Chordata	Amphibia	Caudata	Proteidae	Proteus	Proteus_anguinus	acaccgcccgtcaccctcttcatacccc-a-aaaaaatattatataaaca-ctaata-ctaaac-aagaagaggtaagtcgtaacatggtaagcttac
OQ319305.1	221568	nan	Chordata	Amphibia	Caudata	Proteidae	Proteus	Proteus_anguinus	acaccgcccgtcaccctcttcataccccca-aaaaaatattatataaaca-ctaata-ctaaac-aagaagaggtaagtcgtaacatggtaagcttac
OQ319306.1	221568	nan	Chordata	Amphibia	Caudata	Proteidae	Proteus	Proteus_anguinus	acaccgcccgtcaccctcttcataccccca-aaaaaatattatataaaca-ctaata-ctaaac-aagaagaggtaagtcgtaacatggtaagcttac
OQ319307.1	221568	nan	Chordata	Amphibia	Caudata	Proteidae	Proteus	Proteus_anguinus	acaccgcccgtcaccctcttcataccccca-aaaaaatattatataaaca-ctaata-ctaaac-aagaagaggtaagtcgtaacatggtaagcttac
OQ319308.1	221568	nan	Chordata	Amphibia	Caudata	Proteidae	Proteus	Proteus_anguinus	acaccgcccgtcaccctcttcataccccca-aaaaaatattatataaaca-ctaata-ctaaac-aagaagaggtaagtcgtaacatggtaagcttac
OQ319309.1	221568	nan	Chordata	Amphibia	Caudata	Proteidae	Proteus	Proteus_anguinus	acaccgcccgtcaccctcttcataccccca-aaaaaatattatataaaca-ctaata-ctaaac-aagaagaggtaagtcgtaacatggtaagcttac
OQ319310.1	221568	nan	Chordata	Amphibia	Caudata	Proteidae	Proteus	Proteus_anguinus	acaccgcccgtcaccctcttcataccccca-aaaaaatattatataaaca-ctaata-ctaaac-aagaagaggtaagtcgtaacatggtaagcttac
OQ319311.1	221568	nan	Chordata	Amphibia	Caudata	Proteidae	Proteus	Proteus_anguinus	acaccgcccgtcaccctcttcataccccca-aaaaaatattatataaaca-ctaata-ctaaac-aagaagaggtaagtcgtaacatggtaagcttac
OQ319312.1	221568	nan	Chordata	Amphibia	Caudata	Proteidae	Proteus	Proteus_anguinus	acaccgcccgtcaccctcttcatacccc-a-aaaaaatattatataaaca-ctaata-ctaaac-aagaagaggtaagtcgtaacatggtaagcttac
OQ319313.1	221568	nan	Chordata	Amphibia	Caudata	Proteidae	Proteus	Proteus_anguinus	acaccgcccgtcaccctcttcataccca-t-aaaaaatattatataaaca-ctaata-ctaaac-aagaagaggtaagtcgtaacatggtaagcttac
OQ319314.1	221568	nan	Chordata	Amphibia	Caudata	Proteidae	Proteus	Proteus_anguinus	acaccgcccgtcaccctcttcataccca-t-aaaaaatattatataaaca-ctaata-ctaaac-aagaagaggtaagtcgtaacatggtaagcttac
OQ319315.1	221568	nan	Chordata	Amphibia	Caudata	Proteidae	Proteus	Proteus_anguinus	acaccgcccgtcaccctcttcataccca-t-aaaaaatattatataaaca-ctaata-ctaaac-aagaagaggtaagtcgtaacatggtaagcttac
OQ319316.1	221568	nan	Chordata	Amphibia	Caudata	Proteidae	Proteus	Proteus_anguinus	acaccgcccgtcaccctcttcataccca-t-aaaaaatattatataaaca-ctaata-ctaaac-aagaagaggtaagtcgtaacatggtaagcttac
OQ319317.1	221568	nan	Chordata	Amphibia	Caudata	Proteidae	Proteus	Proteus_anguinus	acaccgcccgtcaccctcttcataccca-t-aaaaaatattatataaaca-ctaata-ctaaac-aagaagaggtaagtcgtaacatggtaagcttac
OQ319318.1	221568	nan	Chordata	Amphibia	Caudata	Proteidae	Proteus	Proteus_anguinus	acaccgcccgtcaccctcttcataccca-t-aaaaaatattatataaaca-ctaata-ctaaac-aagaagaggtaagtcgtaacatggtaagcttac
OQ319319.1	221568	nan	Chordata	Amphibia	Caudata	Proteidae	Proteus	Proteus_anguinus	acaccgcccgtcaccctcttcataccca-t-aaaaaatattatataaaca-ctaata-ctaaac-aagaagaggtaagtcgtaacatggtaagcttac
OQ319320.1	221568	nan	Chordata	Amphibia	Caudata	Proteidae	Proteus	Proteus_anguinus	acaccgcccgtcaccctcttcataccca-t-aaaaaatattatataaaca-ctaata-ctaaac-aagaagaggtaagtcgtaacatggtaagcttac
OQ319321.1	221568	nan	Chordata	Amphibia	Caudata	Proteidae	Proteus	Proteus_anguinus	acaccgcccgtcaccctcttcataccca-t-aaaaaatattatataaaca-ctaata-ctaaac-aagaagaggtaagtcgtaacatggtaagcttac
KX269198.1	51331	nan	Chordata	Amphibia	Anura	Ranidae	Rana	Rana_dalmatina	acaccgcccgtcaccctcttcgacagta---ccccgtttgttcctaacct-aacacc-acgttt-tagaagaggcaagtcgtaacatggtaagtgtac
OZ457554.1	147302	nan	Chordata	Amphibia	Anura	Ranidae	Rana	Rana_italica	acaccgcccgtcaccctcttcgatagta---ccctgtctgttcctaaccc-aacacc-acgttt-tagaagaggcaagtcgtaacatggtaagtgtac
AB685766.1	8407	nan	Chordata	Amphibia	Anura	Ranidae	Rana	Rana_temporaria	acaccgcccgtcaccctcttcaatagta---ccccgtatgttcctaaccc-aacacc-acgttt-tagaagaggcaagtcgtaacatggtaagtgtac
AF249023.1	8407	nan	Chordata	Amphibia	Anura	Ranidae	Rana	Rana_temporaria	acaccgcccgtcaccctcttcaatagta---ccccgtatgttcctaaccc-aacacc-acgttt-tagaagaggcaagtcgtaacatggtaagtgtac
AY326063.1	8407	nan	Chordata	Amphibia	Anura	Ranidae	Rana	Rana_temporaria	acaccgcccgtcaccctcttcaatagta---ccccgtatgttcctaaccc-aacacc-acgttt-tagaagaggcaagtcgtaacatggtaagtgtac
AY779191.1	8407	nan	Chordata	Amphibia	Anura	Ranidae	Rana	Rana_temporaria	acaccgcccgtcaccctcttcaatagta---ccccgtatgttcctaaccc-aacacc-acgttt-tagaagaagcaagtcgtaacatggtgagtgtac
CM177873.1	8407	nan	Chordata	Amphibia	Anura	Ranidae	Rana	Rana_temporaria	acaccgcccgtcaccctcttcgatagta---ccctgtctgtccctaaccc-aacacc-acattt-tagaagaggcaagtcgtaacatggtaagtgtac
DQ283129.1	8407	nan	Chordata	Amphibia	Anura	Ranidae	Rana	Rana_temporaria	acaccgcccgtcaccctcttcaatagta---ccccgtatgttcctaaccc-aacacc-acgttt-tagaagaggcaagtcgtaacatggtaagtgtac
DQ346993.1	8407	nan	Chordata	Amphibia	Anura	Ranidae	Rana	Rana_temporaria	acaccgcccgtcaccctcttcaatagta---ccccgtatgttcctaaccc-aacacc-acgttt-tagaagaggcaagtcgtaacatggtaagtgtac
KT074476.1	8407	nan	Chordata	Amphibia	Anura	Ranidae	Rana	Rana_temporaria	acaccgcccgtcaccctcttcaatagta---ccccgtatgttcctaaccc-aacacc-acgttt-tagaagaggcaagtcgtaacatggtaagtgtac
KX269196.1	8407	nan	Chordata	Amphibia	Anura	Ranidae	Rana	Rana_temporaria	acaccgcccgtcaccctcttcaatagta---ccccgtatgttcctaaccc-aacacc-acgttt-tagaagaggcaagtcgtaacatggtaagtgtac
LR991693.1	8407	nan	Chordata	Amphibia	Anura	Ranidae	Rana	Rana_temporaria	acaccgcccgtcaccctcttcaatagta---ccccgtatgttcctaaccc-aacacc-acgttt-tagaagaggcaagtcgtaacatggtaagtgtac
MH536744.1	8407	nan	Chordata	Amphibia	Anura	Ranidae	Rana	Rana_temporaria	acaccgcccgtcaccctcttcaatagta---ccccgtatgttcctaaccc-aacacc-acgttt-tagaagaggcaagtcgtaacatggtaagtgtac
MT483700.1	8407	nan	Chordata	Amphibia	Anura	Ranidae	Rana	Rana_temporaria	acaccgcccgtcaccctcttcaatagta---ccccgtatgttcctaaccc-aacacc-acgttt-tagaagaggcaagtcgtaacatggtaagtgtac
NC_042226.1	8407	nan	Chordata	Amphibia	Anura	Ranidae	Rana	Rana_temporaria	acaccgcccgtcaccctcttcaatagta---ccccgtatgttcctaaccc-aacacc-acgttt-tagaagaggcaagtcgtaacatggtaagtgtac
KF645351.1	57575	nan	Chordata	Amphibia	Caudata	Salamandridae	Salamandra	Salamandra_atra	acaccgcccgtcaccctcttcaaataat----ttaatccttaaataaata-aaacca-acaagt-aagaagaggcaagtcgtaacatggtaagtctac
KF645352.1	162713	nan	Chordata	Amphibia	Caudata	Salamandridae	Salamandra	Salamandra_atra	acaccgcccgtcaccctcttcaaataat----ttaatccttaaataaata-aaacca-acaagt-aagaagaggcaagtcgtaacatggtaagtctac
KF645353.1	162713	nan	Chordata	Amphibia	Caudata	Salamandridae	Salamandra	Salamandra_atra	acaccgcccgtcaccctcttcaaataat----ttaatccttaaataaata-aaacca-acaagt-aagaagaggcaagtcgtaacatggtaagtctac
KF645354.1	297007	nan	Chordata	Amphibia	Caudata	Salamandridae	Salamandra	Salamandra_atra	acaccgcccgtcaccctcttcaaataat----ttaatccttaaataaata-aaacca-acaagt-aagaagaggcaagtcgtaacatggtaagtctac
KF645386.1	57570	nan	Chordata	Amphibia	Caudata	Salamandridae	Salamandra	Salamandra_atra	acaccgcccgtcaccctcttcaaataat----ttaatccttaaataaata-aaacca-acaagt-aagaagaggcaagtcgtaacatggtaagtctac
KF645387.1	57570	nan	Chordata	Amphibia	Caudata	Salamandridae	Salamandra	Salamandra_atra	acaccgcccgtcaccctcttcaaataat----ttaatccttaaataaata-aaacca-acaagt-aagaagaggcaagtcgtaacatggtaagtctac
KF645401.1	57570	nan	Chordata	Amphibia	Caudata	Salamandridae	Salamandra	Salamandra_atra	acaccgcccgtcaccctcttcaaataat----ttaatccttaaataaata-aaacca-acaagt-aagaagaggcaagtcgtaacatggtaagtctac
KF645402.1	57570	nan	Chordata	Amphibia	Caudata	Salamandridae	Salamandra	Salamandra_atra	acaccgcccgtcaccctcttcaaataat----ttaatccttaaataaata-aaacca-acaagt-aagaagaggcaagtcgtaacatggtaagtctac
KF645403.1	57570	nan	Chordata	Amphibia	Caudata	Salamandridae	Salamandra	Salamandra_atra	acaccgcccgtcaccctcttcaaataat----ttaatccttaaataaata-aaacca-acaagt-aagaagaggcaagtcgtaacatggtaagtctac
KF645404.1	57570	nan	Chordata	Amphibia	Caudata	Salamandridae	Salamandra	Salamandra_atra	acaccgcccgtcaccctcttcaaataat----ttaacccttaaataaata-aaacca-acaagt-aagaagaggcaagtcgtaacatggtaagtctac
KF645405.1	57570	nan	Chordata	Amphibia	Caudata	Salamandridae	Salamandra	Salamandra_atra	acaccgcccgtcaccctcttcaaataat----ttaatccttaaataaata-aaacca-acaagt-aagaagaggcaagtcgtaacatggtaagtctac
KF645406.1	57570	nan	Chordata	Amphibia	Caudata	Salamandridae	Salamandra	Salamandra_atra	acaccgcccgtcaccctcttcaaataat----ttaatccttaaataaata-aaacca-acaagt-aagaagaggcaagtcgtaacatggtaagtctac
KF645407.1	57570	nan	Chordata	Amphibia	Caudata	Salamandridae	Salamandra	Salamandra_atra	acaccgcccgtcaccctcttcaaataattt-aaaaaatcttaaataaata-aagtca-gtaagt-aagaagaggcaagtcgtaacatggtaagtctac
MF043387.1	57570	nan	Chordata	Amphibia	Caudata	Salamandridae	Salamandra	Salamandra_atra	acaccgcccgtcaccctcttcaaataat----ttaatccttaaataaata-aaacca-acaagt-aagaagaggcaagtcgtaacatggtaagtctac
KF645358.1	177059	nan	Chordata	Amphibia	Caudata	Salamandridae	Salamandra	Salamandra_lanzai	acaccgcccgtcaccctcttcaaataat---tttaaatcttaaataaata-aaatca-acaact-aagaagaggcaagtcgtaacatggtaagtctac
KF645359.1	177059	nan	Chordata	Amphibia	Caudata	Salamandridae	Salamandra	Salamandra_lanzai	acaccgcccgtcaccctcttcaaataat---tttaaatcttaaataaata-aaatca-acaact-aagaagaggcaagtcgtaacatggtaagtctac
KF645360.1	177059	nan	Chordata	Amphibia	Caudata	Salamandridae	Salamandra	Salamandra_lanzai	acaccgcccgtcaccctcttcaaataat---tttaaatcttaaataaata-aaatca-acaact-aagaagaggcaagtcgtaacatggtaagtctac
DQ283440.1	57571	nan	Chordata	Amphibia	Caudata	Salamandridae	Salamandra	Salamandra_salamandra	acaccgcccgtcaccctcttcaaataatttaaaaaaatcttaaataaata-aagtca-gtaagt-aagaagaggcaagtcgtaacatggtaagtctac
EU880331.1	57571	nan	Chordata	Amphibia	Caudata	Salamandridae	Salamandra	Salamandra_salamandra	acaccgcccgtcaccctcttcaaataat---tttaaatattaaataaata-aagtca-acaagt-aagaagaggcaagtcgtaacatggtaagtctac
KF645364.1	353270	nan	Chordata	Amphibia	Caudata	Salamandridae	Salamandra	Salamandra_salamandra	acaccgcccgtcaccctcttcaaataattt--aaaaatcttaaataaata-aagtca-gtaagt-aagaagaggcaagtcgtaacatggtaagtctac
KF645365.1	162712	nan	Chordata	Amphibia	Caudata	Salamandridae	Salamandra	Salamandra_salamandra	acaccgcccgtcaccctcttcaaataatttaaaaaaatcttaaataaata-aagtca-gtaagt-aagaagaggcaagtcgtaacatggtaagtctac
KF645366.1	126663	nan	Chordata	Amphibia	Caudata	Salamandridae	Salamandra	Salamandra_salamandra	acaccgcccgtcaccctcttcaataattta-aaaaaatcttaaataaata-aagtca-gtaagt-aagaagaggcaagtcgtaacatggtaagtctac
KF645369.1	57573	nan	Chordata	Amphibia	Caudata	Salamandridae	Salamandra	Salamandra_salamandra	acaccgcccgtcaccctcttcaaataat---tttaaattttaaataaata-aagtca-gtaagt-aagaagaggcaagtcgtaacatggtaagtctac
KF645370.1	57573	nan	Chordata	Amphibia	Caudata	Salamandridae	Salamandra	Salamandra_salamandra	acaccgcccgtcaccctcttcaaataat---tttaaattttaaataaata-aagtca-gtaagt-aagaagaggcaagtcgtaacatggtaagtctac
KF645371.1	353271	nan	Chordata	Amphibia	Caudata	Salamandridae	Salamandra	Salamandra_salamandra	acaccgcccgtcaccctcttcaaataat---tttaaatcttaaataaata-aaatca-gtaagt-aagaagaggcaagtcgtaacatggtaagtctac
KF645372.1	1458686	nan	Chordata	Amphibia	Caudata	Salamandridae	Salamandra	Salamandra_salamandra	acaccgcccgtcaccctcttcaaataattt-aaaaaatcttaaataaata-aagtca-gtaagt-aagaagaggcaagtcgtaacatggtaagtctac
KF645373.1	333711	nan	Chordata	Amphibia	Caudata	Salamandridae	Salamandra	Salamandra_salamandra	acaccgcccgtcaccctcttcaaataat---tttaaatcttaaataaata-aagtca-gtaaat-aagaagaggcaagtcgtaacatggtaagtctac
KF645374.1	333711	nan	Chordata	Amphibia	Caudata	Salamandridae	Salamandra	Salamandra_salamandra	acaccgcccgtcaccctcttcaaataat---tttaaatcttaaataaata-aagtca-gtaaat-aagaagaggcaagtcgtaacatggtaagtctac
KF645375.1	333711	nan	Chordata	Amphibia	Caudata	Salamandridae	Salamandra	Salamandra_salamandra	acaccgcccgtcaccctcttcaaataat---tttaaatcttaaataaata-aagtca-gtaaat-aagaagaggcaagtcgtaacatggtaagtctac
KF645408.1	57571	nan	Chordata	Amphibia	Caudata	Salamandridae	Salamandra	Salamandra_salamandra	acaccgcccgtcaccctcttcaaataattt-aaaaaatcttaaataaata-aagtca-gtaagt-aagaagaggcaagtcgtaacatggtaagtctac
KF645409.1	57571	nan	Chordata	Amphibia	Caudata	Salamandridae	Salamandra	Salamandra_salamandra	acaccgcccgtcaccctcttcaaataattt-aaaaaatcttaaataaata-aagtca-gtaagt-aagaagaggcaagtcgtaacatggtaagtctac
KF645410.1	57571	nan	Chordata	Amphibia	Caudata	Salamandridae	Salamandra	Salamandra_salamandra	acaccgcccgtcaccctcttcaaataattt-aaaaaatcttaaataaata-aagtca-gtaagt-aagaagaggcaagtcgtaacatggtaagtctac
KF645411.1	57571	nan	Chordata	Amphibia	Caudata	Salamandridae	Salamandra	Salamandra_salamandra	acaccgcccgtcaccctcttcaaataattt-aaaaaatcttaaataaata-aagtca-gtaagt-aagaagaggcaagtcgtaacatggtaagtctac
KF645412.1	57571	nan	Chordata	Amphibia	Caudata	Salamandridae	Salamandra	Salamandra_salamandra	acaccgcccgtcaccctcttcaaataattt-aaaaaatcttaaataaata-aagtca-gtaagt-aagaagaggcaagtcgtaacatggtaagtctac
KF645413.1	57571	nan	Chordata	Amphibia	Caudata	Salamandridae	Salamandra	Salamandra_salamandra	acaccgcccgtcaccctcttcaaataattt-aaaaaatcttaaataaata-aagtca-gtaagt-aagaagaggcaagtcgtaacatggtaagtctac
KF645415.1	57571	nan	Chordata	Amphibia	Caudata	Salamandridae	Salamandra	Salamandra_salamandra	acaccgcccgtcaccctcttcaaataattt-aaaaaatcttaaataaata-aagtca-gtaagt-aagaagaggcaagtcgtaacatggtaagtctac
KF645416.1	57571	nan	Chordata	Amphibia	Caudata	Salamandridae	Salamandra	Salamandra_salamandra	acaccgcccgtcaccctcttcaaataattt-aaaaaatcttaaataaata-aagtca-gtaagt-aagaagaggcaagtcgtaacatggtaagtctac
KF645418.1	57571	nan	Chordata	Amphibia	Caudata	Salamandridae	Salamandra	Salamandra_salamandra	acaccgcccgtcaccctcttcaaataattt-aaaaaatcttaaataaata-aagtca-gtaagt-aagaagaggcaagtcgtaacatggtaagtctac
KF645419.1	57571	nan	Chordata	Amphibia	Caudata	Salamandridae	Salamandra	Salamandra_salamandra	acaccgcccgtcaccctcttcaaataattt-aaaaaatcttaaataaata-aagtca-gtaagt-aagaagaggcaagtcgtaacatggtaagtctac
KF645420.1	57571	nan	Chordata	Amphibia	Caudata	Salamandridae	Salamandra	Salamandra_salamandra	acaccgcccgtcaccctcttcaaataattt-aaaaaatcttaaataaata-aagtca-gtaagt-aagaagaggcaagtcgtaacatggtaagtctac
KF645421.1	57571	nan	Chordata	Amphibia	Caudata	Salamandridae	Salamandra	Salamandra_salamandra	acaccgcccgtcaccctcttcaaataattt-aaaaaatcttaaataaata-aagtca-gtaagt-aagaagaggcaagtcgtaacatggtaagtctac
KF645422.1	57571	nan	Chordata	Amphibia	Caudata	Salamandridae	Salamandra	Salamandra_salamandra	acaccgcccgtcaccctcttcaaataattt-aaaaaatcttaaataaata-aagtca-gtaagt-aagaagaggcaagtcgtaacatggtaagtctac
KF645423.1	57571	nan	Chordata	Amphibia	Caudata	Salamandridae	Salamandra	Salamandra_salamandra	acaccgcccgtcaccctcttcaaataattt-aaaaaatcttaaataaata-aagtca-gtaagt-aagaagaggcaagtcgtaacatggtaagtctac
KX094979.1	126663	nan	Chordata	Amphibia	Caudata	Salamandridae	Salamandra	Salamandra_salamandra	acaccgcccgtcaccctcttcaataatttaaaaaaaatcttaaataaata-aagtca-gtaagt-aagaagaggcaagtcgtaacatggtaagtctac
MF043392.1	57571	nan	Chordata	Amphibia	Caudata	Salamandridae	Salamandra	Salamandra_salamandra	acaccgcccgtcaccctcttcaaataattt-aaaaaatcttaaataaata-aagtca-gtaagt-aagaagaggcaagtcgtaacatggtaagtctac
MF043393.1	57571	nan	Chordata	Amphibia	Caudata	Salamandridae	Salamandra	Salamandra_salamandra	acaccgcccgtcaccctcttcaaataattt-aaaaaatcttaaataaata-aagtca-gtaagt-aagaagaggcaagtcgtaacatggtaagtctac
PP471699.1	57571	nan	Chordata	Amphibia	Caudata	Salamandridae	Salamandra	Salamandra_salamandra	acaccgcccgtcaccctctttaaataat---tttaaatcttaaataaata-aagtca-gtaagt-aagaagaggcaagtcgtaacatggtaagtctac
PP471700.1	57571	nan	Chordata	Amphibia	Caudata	Salamandridae	Salamandra	Salamandra_salamandra	acaccgcccgtcaccctcttcaataattta-aaaaaatcttaaataaata-aagtca-gtaagt-aagaagaggcaagtcgtaacatggtaagtctac
PP471701.1	57571	nan	Chordata	Amphibia	Caudata	Salamandridae	Salamandra	Salamandra_salamandra	acaccgcccgtcaccctctttaaataat---tttaaatcttaaataaata-aagtca-gtaagt-aagaagaggcaagtcgtaacatggtaagtctac
EU880332.1	305979	nan	Chordata	Amphibia	Caudata	Salamandridae	Salamandrina	Salamandrina_terdigitata	acaccgcccgtcaccctcttcgcccaaa---cacaaagcataaataaaca-gaacta-aataac-aagaagaggcaagtcgtaacatggtaagtttac
AY728215.1	57555	nan	Chordata	Amphibia	Caudata	Plethodontidae	Speleomantes	Speleomantes_italicus	acaccgcccgtcaccctcttttaaaaataa-taaattaaataaatatgcc--------cactaa-gaatagaggaaagtcgtaacatggtaagtccac
HQ697272.1	8326	nan	Chordata	Amphibia	Caudata	Salamandridae	Triturus	Triturus_carnifex	acaccgcccgtcaccctcttcaggtact---atttaatattaaataaac--agacag-aaaaag-aagaagaggcaagtcgtaacatggtaagtttac
NC_015788.1	8326	nan	Chordata	Amphibia	Caudata	Salamandridae	Triturus	Triturus_carnifex	acaccgcccgtcaccctcttcaggtact---atttaatattaaataaac--agacag-aaaaag-aagaagaggcaagtcgtaacatggtaagtttac
AY581638.1	8355	nan	Chordata	Amphibia	Anura	Pipidae	Xenopus	Xenopus_laevis	acaccgcccgtcaccctcttctacaaaa---caatcaaattaaataaacacacaata-aataca-aagaagaggcaagtcgtaacatggtaagcacac
AY581639.1	8355	nan	Chordata	Amphibia	Anura	Pipidae	Xenopus	Xenopus_laevis	acaccgcccgtcaccctcttctacaaaa-a-tcaaccaattttataaacacacaatt-aacaca-aagaagaggcaagtcgtaacatggtaagcacac
AY581640.1	288554	nan	Chordata	Amphibia	Anura	Pipidae	Xenopus	Xenopus_laevis	acaccgcccgtcaccctcttctacaaaa---taatcaatttaaataaacacataata-gataca-aagaagaggcaagtcgtaacatggtaagcacac
AY581641.1	288554	nan	Chordata	Amphibia	Anura	Pipidae	Xenopus	Xenopus_laevis	acaccgcccgtcaccctcttctacaaaa---taatcaatttaaataaacacataata-gataca-aagaagaggcaagtcgtaacatggtaagcacac
AY581644.1	8355	nan	Chordata	Amphibia	Anura	Pipidae	Xenopus	Xenopus_laevis	acaccgcccgtcaccctcttctacaaaa---taatcaatttaaataaacacataata-aataca-aagaagaggcaagtcgtaacatggtaagcacac
AY581648.1	8355	nan	Chordata	Amphibia	Anura	Pipidae	Xenopus	Xenopus_laevis	acaccgcccgtcaccctcttctacaaga-c-caatcaatttaaataaacacataata-aatata-aagaagaggcaagtcgtaacatggtaagcacac
HM991335.1	8355	nan	Chordata	Amphibia	Anura	Pipidae	Xenopus	Xenopus_laevis	acaccgcccgtcaccctcttctacaaaa-a-tcaaccaattttataaacacacaatt-aacaca-aagaagaggcaagtcgtaacatggtaagcacac
KY677804.1	8355	nan	Chordata	Amphibia	Anura	Pipidae	Xenopus	Xenopus_laevis	acaccgcccgtcaccctcttctacaaaa-a-tcaaccaattttataaacacacaatt-aacaca-aagaagaggcaagtcgtaacatggtaagcacac
M27605.1	8355	nan	Chordata	Amphibia	Anura	Pipidae	Xenopus	Xenopus_laevis	acaccgcccgtcaccctcttctacaaaa-a-tcaaccaattttataaacacacaatt-aacaca-aagaagaggcaagtcgtaacatggtaagcacac
MN259072.1	8355	nan	Chordata	Amphibia	Anura	Pipidae	Xenopus	Xenopus_laevis	acaccgcccgtcaccctcttctacaaaa-a-tcaaccaattttataaacacacaatt-aacaca-aagaagaggcaagtcgtaacatggtaagcacac
MN259073.1	8355	nan	Chordata	Amphibia	Anura	Pipidae	Xenopus	Xenopus_laevis	acaccgcccgtcaccctcttctacaaaa-a-tcaaccaattttataaacacacaatt-aacaca-aagaagaggcaagtcgtaacatggtaagcacac
